query,tools,gold_call
Determine if the numbers 1741725 and 42108183 are sums of the cubes of their digits.,"[{""type"": ""function"", ""function"": {""name"": ""is_sum_of_cubes"", ""parameters"": {""type"": ""object"", ""properties"": {""num"": {""type"": ""integer"", ""description"": ""The number to check.""}}, ""required"": [""num""], ""additionalProperties"": false}}}]","{""name"": ""is_sum_of_cubes"", ""arguments"": {""num"": 1741725}}"
"What is the ascending order of these numbers: [15, 5, 20, 10, 25, 15, 30, 20]? Please sort them.","[{""type"": ""function"", ""function"": {""name"": ""sort_numbers"", ""parameters"": {""type"": ""object"", ""properties"": {""numbers"": {""items"": {""type"": ""number""}, ""type"": ""array"", ""description"": ""The list of numbers to be sorted.""}, ""descending"": {""type"": ""boolean"", ""description"": ""If True, sorts the numbers in descending order. Defaults to False.""}}, ""required"": [""numbers""], ""additionalProperties"": false}}}]","{""name"": ""sort_numbers"", ""arguments"": {""numbers"": [15, 5, 20, 10, 25, 15, 30, 20], ""descending"": false}}"
"Find the 3 largest numbers from the list [15, 8, 22, 36, 10, 45, 30].","[{""type"": ""function"", ""function"": {""name"": ""convert_cooking_measurements"", ""parameters"": {""type"": ""object"", ""properties"": {""quantity"": {""type"": ""number"", ""description"": ""The quantity of the item to convert.""}, ""from_unit"": {""type"": ""string"", ""description"": ""The unit of the input quantity (e.g., 'cup', 'gram').""}, ""to_unit"": {""type"": ""string"", ""description"": ""The unit to which the quantity should be converted (e.g., 'ounce', 'kilogram').""}, ""item"": {""type"": ""string"", ""description"": ""The cooking ingredient being converted (e.g., 'flour', 'sugar').""}}, ""required"": [""quantity"", ""from_unit"", ""to_unit"", ""item""], ""additionalProperties"": false}}}, {""type"": ""function"", ""function"": {""name"": ""find_n_largest_numbers"", ""parameters"": {""type"": ""object"", ""properties"": {""nums"": {""items"": {""type"": ""integer""}, ""type"": ""array"", ""description"": ""The list of numbers.""}, ""n"": {""type"": ""integer"", ""description"": ""The number of largest numbers to find.""}}, ""required"": [""nums"", ""n""], ""additionalProperties"": false}}}, {""type"": ""function"", ""function"": {""name"": ""create_histogram"", ""parameters"": {""type"": ""object"", ""properties"": {""data"": {""items"": {}, ""type"": ""array"", ""description"": ""The data for which histogram needs to be plotted."", ""default"": 10}, ""bins"": {""type"": ""integer"", ""description"": ""The number of equal-width bins in the range. Default is 10."", ""default"": 10}}, ""required"": [""data"", ""bins""], ""additionalProperties"": false}}}]","{""name"": ""find_n_largest_numbers"", ""arguments"": {""nums"": [15, 8, 22, 36, 10, 45, 30], ""n"": 3}}"
Is 123.456.789.0 a valid IP address?,"[{""type"": ""function"", ""function"": {""name"": ""is_valid_ip_address"", ""parameters"": {""type"": ""object"", ""properties"": {""ip"": {""type"": ""string"", ""description"": ""The string to check.""}}, ""required"": [""ip""], ""additionalProperties"": false}}}]","{""name"": ""is_valid_ip_address"", ""arguments"": {""ip"": ""123.456.789.0""}}"
"Compute the sum of '1010' and '1101' in binary, and find the 5 largest numbers in [1, 2, 3, 4, 5, 6, 7, 8, 9, 10].","[{""type"": ""function"", ""function"": {""name"": ""binary_addition"", ""parameters"": {""type"": ""object"", ""properties"": {""a"": {""type"": ""string"", ""description"": ""The first binary number.""}, ""b"": {""type"": ""string"", ""description"": ""The second binary number.""}}, ""required"": [""a"", ""b""], ""additionalProperties"": false}}}, {""type"": ""function"", ""function"": {""name"": ""find_n_largest_numbers"", ""parameters"": {""type"": ""object"", ""properties"": {""nums"": {""items"": {""type"": ""integer""}, ""type"": ""array"", ""description"": ""The list of numbers.""}, ""n"": {""type"": ""integer"", ""description"": ""The number of largest numbers to find.""}}, ""required"": [""nums"", ""n""], ""additionalProperties"": false}}}]","{""name"": ""binary_addition"", ""arguments"": {""a"": ""1010"", ""b"": ""1101""}}"
"Perform a Chi-Square test for independence on a contingency table [[30, 20], [15, 35]] with a significance level of 0.01.","[{""type"": ""function"", ""function"": {""name"": ""find_longest_palindromic_substring"", ""parameters"": {""type"": ""object"", ""properties"": {""s"": {""type"": ""string"", ""description"": ""The input string.""}}, ""required"": [""s""], ""additionalProperties"": false}}}, {""type"": ""function"", ""function"": {""name"": ""find_pairs_with_sum"", ""parameters"": {""type"": ""object"", ""properties"": {""nums"": {""items"": {""type"": ""integer""}, ""type"": ""array"", ""description"": ""The list of integers.""}, ""target"": {""type"": ""integer"", ""description"": ""The target sum value.""}}, ""required"": [""nums"", ""target""], ""additionalProperties"": false}}}, {""type"": ""function"", ""function"": {""name"": ""chi_square_independence_test"", ""parameters"": {""type"": ""object"", ""properties"": {""contingency_table"": {""items"": {""items"": {""type"": ""integer""}, ""type"": ""array""}, ""type"": ""array"", ""description"": ""A 2x2 contingency table represented as a list of lists.""}, ""significance_level"": {""type"": ""number"", ""description"": ""The significance level for the Chi-Square test. Defaults to 0.05."", ""default"": 0.05}}, ""required"": [""contingency_table""], ""additionalProperties"": false}}}, {""type"": ""function"", ""function"": {""name"": ""expand_around_center"", ""parameters"": {""type"": ""object"", ""properties"": {""s"": {""type"": ""string"", ""description"": ""The input string.""}, ""left"": {""type"": ""integer"", ""description"": ""The left index of the center.""}, ""right"": {""type"": ""integer"", ""description"": ""The right index of the center.""}}, ""required"": [""s"", ""left"", ""right""], ""additionalProperties"": false}}}, {""type"": ""function"", ""function"": {""name"": ""probability_of_consecutive_rolls"", ""parameters"": {""type"": ""object"", ""properties"": {""target_value"": {""type"": ""integer"", ""description"": ""The desired value to be rolled."", ""default"": 6}, ""num_rolls"": {""type"": ""integer"", ""description"": ""The number of consecutive rolls."", ""default"": 6}, ""num_sides"": {""type"": ""integer"", ""description"": ""The number of sides on the die. Defaults to 6.""}}, ""required"": [""target_value"", ""num_rolls""], ""additionalProperties"": false}}}, {""type"": ""function"", ""function"": {""name"": ""fibonacci_numbers"", ""parameters"": {""type"": ""object"", ""properties"": {""n"": {""type"": ""integer"", ""description"": ""The number of Fibonacci numbers to generate.""}}, ""required"": [""n""], ""additionalProperties"": false}}}]","{""name"": ""chi_square_independence_test"", ""arguments"": {""contingency_table"": [[30, 20], [15, 35]], ""significance_level"": 0.01}}"
"Compute the standard deviation for the dataset [7.1, 14.2, 21.3, 28.4, 35.5] and determine the number of permutations when selecting 5 items from a set of 11.","[{""type"": ""function"", ""function"": {""name"": ""std_deviation"", ""parameters"": {""type"": ""object"", ""properties"": {""numbers"": {""items"": {""type"": ""number""}, ""type"": ""array"", ""description"": ""The list of numbers.""}}, ""required"": [""numbers""], ""additionalProperties"": false}}}, {""type"": ""function"", ""function"": {""name"": ""permutation_count"", ""parameters"": {""type"": ""object"", ""properties"": {""n"": {""type"": ""integer"", ""description"": ""The total number of elements in the set.""}, ""k"": {""type"": ""integer"", ""description"": ""The number of elements to choose for the permutation.""}}, ""required"": [""n"", ""k""], ""additionalProperties"": false}}}]","{""name"": ""std_deviation"", ""arguments"": {""numbers"": [7.1, 14.2, 21.3, 28.4, 35.5]}}"
Check if the number 'two hundred and fifty-six' is a power of two.,"[{""type"": ""function"", ""function"": {""name"": ""is_power_of_two"", ""parameters"": {""type"": ""object"", ""properties"": {""num"": {""type"": ""integer"", ""description"": ""The number to check.""}}, ""required"": [""num""], ""additionalProperties"": false}}}, {""type"": ""function"", ""function"": {""name"": ""dice_roll_probability"", ""parameters"": {""type"": ""object"", ""properties"": {""target_sum"": {""type"": ""integer"", ""description"": ""The target sum to calculate the probability for."", ""default"": 6}, ""num_dice"": {""type"": ""integer"", ""description"": ""The number of dice being rolled."", ""default"": 6}, ""num_faces"": {""type"": ""integer"", ""description"": ""The number of faces on each die. Defaults to 6.""}}, ""required"": [""target_sum"", ""num_dice""], ""additionalProperties"": false}}}, {""type"": ""function"", ""function"": {""name"": ""mean_confidence_interval"", ""parameters"": {""type"": ""object"", ""properties"": {""std_dev"": {""type"": ""number"", ""description"": ""The standard deviation of the sample."", ""default"": 0.95}, ""sample_size"": {""type"": ""integer"", ""description"": ""The size of the sample.""}, ""mean"": {""type"": ""number"", ""description"": ""The mean of the sample.""}, ""confidence"": {""type"": ""number"", ""description"": ""The desired confidence level. Default is 0.95.""}}, ""required"": [""std_dev"", ""sample_size"", ""mean""], ""additionalProperties"": false}}}]","{""name"": ""is_power_of_two"", ""arguments"": {""num"": 256}}"
Simulate querying a database for users who are active and have a role of 'admin' in the 'users' table.,"[{""type"": ""function"", ""function"": {""name"": ""simulate_query_database"", ""parameters"": {""type"": ""object"", ""properties"": {""table"": {""type"": ""string"", ""description"": ""Name of the table to query.""}, ""conditions"": {""items"": {}, ""type"": ""array"", ""description"": ""Conditions for the query, each condition is a dictionary.""}}, ""required"": [""table"", ""conditions""], ""additionalProperties"": false}}}, {""type"": ""function"", ""function"": {""name"": ""is_leap_year"", ""parameters"": {""type"": ""object"", ""properties"": {""year"": {""type"": ""integer"", ""description"": ""The year to check.""}}, ""required"": [""year""], ""additionalProperties"": false}}}, {""type"": ""function"", ""function"": {""name"": ""get_ip_location"", ""parameters"": {""type"": ""object"", ""properties"": {""ip"": {""type"": ""string"", ""description"": ""The IP address to locate.""}}, ""required"": [""ip""], ""additionalProperties"": false}}}]","{""name"": ""simulate_query_database"", ""arguments"": {""table"": ""users"", ""conditions"": [{""role"": ""admin""}, {""status"": ""active""}]}}"
What city is associated with the ZIP code 10001?,"[{""type"": ""function"", ""function"": {""name"": ""get_city_from_zipcode"", ""parameters"": {""type"": ""object"", ""properties"": {""zipcode"": {""type"": ""string"", ""description"": ""The ZIP code to look up.""}}, ""required"": [""zipcode""], ""additionalProperties"": false}}}, {""type"": ""function"", ""function"": {""name"": ""calculate_calorie_intake"", ""parameters"": {""type"": ""object"", ""properties"": {""weight_kg"": {""type"": ""number"", ""description"": ""Body weight in kilograms.""}, ""height_cm"": {""type"": ""number"", ""description"": ""Height in centimeters.""}, ""age"": {""type"": ""integer"", ""description"": ""Age in years.""}, ""sex"": {""type"": ""string"", ""description"": ""Biological sex, either 'male' or 'female'.""}, ""activity_level"": {""type"": ""integer"", ""description"": ""Activity level on a scale of 1 to 5 (1 = sedentary, 5 = extremely active).""}, ""goal"": {""type"": ""string"", ""description"": ""Fitness goal, either 'lose', 'maintain', or 'gain'.""}}, ""required"": [""weight_kg"", ""height_cm"", ""age"", ""sex"", ""activity_level"", ""goal""], ""additionalProperties"": false}}}]","{""name"": ""get_city_from_zipcode"", ""arguments"": {""zipcode"": ""10001""}}"
"Calculate the quarterly dividend per share for a company with a total dividend of $100,000 and 5000 outstanding shares.","[{""type"": ""function"", ""function"": {""name"": ""triangle_area"", ""parameters"": {""type"": ""object"", ""properties"": {""base"": {""type"": ""number"", ""description"": ""The length of the base of the triangle.""}, ""height"": {""type"": ""number"", ""description"": ""The height of the triangle.""}}, ""required"": [""base"", ""height""], ""additionalProperties"": false}}}, {""type"": ""function"", ""function"": {""name"": ""calculate_quarterly_dividend"", ""parameters"": {""type"": ""object"", ""properties"": {""total_dividend"": {""type"": ""integer"", ""description"": ""The total dividend payout in USD.""}, ""num_shares"": {""type"": ""integer"", ""description"": ""The number of outstanding shares.""}}, ""required"": [""total_dividend"", ""num_shares""], ""additionalProperties"": false}}}, {""type"": ""function"", ""function"": {""name"": ""bacterial_growth"", ""parameters"": {""type"": ""object"", ""properties"": {""initial_population"": {""type"": ""integer"", ""description"": ""The initial bacterial population."", ""default"": 20}, ""growth_rate"": {""type"": ""number"", ""description"": ""The growth rate per unit time.""}, ""time"": {""type"": ""number"", ""description"": ""The time elapsed.""}, ""doubling_time"": {""type"": ""number"", ""description"": ""The doubling time of the bacteria in minutes. Defaults to 20.""}}, ""required"": [""initial_population"", ""growth_rate"", ""time""], ""additionalProperties"": false}}}, {""type"": ""function"", ""function"": {""name"": ""is_valid_sudoku"", ""parameters"": {""type"": ""object"", ""properties"": {""board"": {""items"": {""items"": {""type"": ""string""}, ""type"": ""array""}, ""type"": ""array"", ""description"": ""The Sudoku board represented as a 2D list of strings.""}}, ""required"": [""board""], ""additionalProperties"": false}}}]","{""name"": ""calculate_quarterly_dividend"", ""arguments"": {""total_dividend"": 100000, ""num_shares"": 5000}}"
"Calculate the CAGR for a real estate investment that began at $200,000 and ended at $250,000 after 3 years.","[{""type"": ""function"", ""function"": {""name"": ""cagr"", ""parameters"": {""type"": ""object"", ""properties"": {""start_value"": {""type"": ""number"", ""description"": ""The initial value of the investment.""}, ""end_value"": {""type"": ""number"", ""description"": ""The final value of the investment.""}, ""years"": {""type"": ""integer"", ""description"": ""The number of years between the initial and final values.""}}, ""required"": [""start_value"", ""end_value"", ""years""], ""additionalProperties"": false}}}, {""type"": ""function"", ""function"": {""name"": ""calculate_angle"", ""parameters"": {""type"": ""object"", ""properties"": {""hour"": {""type"": ""integer"", ""description"": ""The hour value (1-12).""}, ""minute"": {""type"": ""integer"", ""description"": ""The minute value (0-59).""}}, ""required"": [""hour"", ""minute""], ""additionalProperties"": false}}}]","{""name"": ""cagr"", ""arguments"": {""start_value"": 200000, ""end_value"": 250000, ""years"": 3}}"
"Determine the median of the list [100, 200, 300, 400, 500, 600, 700, 800].","[{""type"": ""function"", ""function"": {""name"": ""calculate_median"", ""parameters"": {""type"": ""object"", ""properties"": {""numbers"": {""items"": {}, ""type"": ""array"", ""description"": ""The list of numbers.""}}, ""required"": [""numbers""], ""additionalProperties"": false}}}]","{""name"": ""calculate_median"", ""arguments"": {""numbers"": [100, 200, 300, 400, 500, 600, 700, 800]}}"
"Determine the distance between the points (-1,-1) and (1,1).","[{""type"": ""function"", ""function"": {""name"": ""polygon_area_shoelace"", ""parameters"": {""type"": ""object"", ""properties"": {""vertices"": {""items"": {""items"": {}, ""type"": ""array""}, ""type"": ""array"", ""description"": ""A list of polygon vertices represented as tuples (x, y).""}}, ""required"": [""vertices""], ""additionalProperties"": false}}}, {""type"": ""function"", ""function"": {""name"": ""euclidean_distance"", ""parameters"": {""type"": ""object"", ""properties"": {""point_a"": {""items"": {}, ""type"": ""array"", ""description"": ""The coordinates of the first point (x, y).""}, ""point_b"": {""items"": {}, ""type"": ""array"", ""description"": ""The coordinates of the second point (x, y).""}}, ""required"": [""point_a"", ""point_b""], ""additionalProperties"": false}}}]","{""name"": ""euclidean_distance"", ""arguments"": {""point_a"": [-1, -1], ""point_b"": [1, 1]}}"
Determine the total alimony for a payor with a monthly income of $9500 and a recipient with $3800 over 5 years.,"[{""type"": ""function"", ""function"": {""name"": ""california_alimony"", ""parameters"": {""type"": ""object"", ""properties"": {""payor_monthly_income"": {""type"": ""integer"", ""description"": ""The monthly gross income of the payor spouse.""}, ""recipient_monthly_income"": {""type"": ""integer"", ""description"": ""The monthly gross income of the recipient spouse.""}, ""duration_years"": {""type"": ""integer"", ""description"": ""The duration of the alimony in years.""}}, ""required"": [""payor_monthly_income"", ""recipient_monthly_income"", ""duration_years""], ""additionalProperties"": false}}}, {""type"": ""function"", ""function"": {""name"": ""calculate_distance"", ""parameters"": {""type"": ""object"", ""properties"": {""point1"": {""items"": {""type"": ""number""}, ""type"": ""array"", ""description"": ""The coordinates of the first point.""}, ""point2"": {""items"": {""type"": ""number""}, ""type"": ""array"", ""description"": ""The coordinates of the second point.""}}, ""required"": [""point1"", ""point2""], ""additionalProperties"": false}}}]","{""name"": ""california_alimony"", ""arguments"": {""payor_monthly_income"": 9500, ""recipient_monthly_income"": 3800, ""duration_years"": 5}}"
Estimate the derivative of the function f(x) = x^2 at x = 3 using numerical methods.,"[{""type"": ""function"", ""function"": {""name"": ""cell_density"", ""parameters"": {""type"": ""object"", ""properties"": {""od"": {""type"": ""number"", ""description"": ""The optical density of the sample."", ""default"": 1000000000.0}, ""dilution"": {""type"": ""integer"", ""description"": ""The dilution factor applied to the sample.""}, ""factor"": {""type"": ""number"", ""description"": ""The calibration factor for converting OD to cell density. Defaults to 1e9.""}}, ""required"": [""od"", ""dilution""], ""additionalProperties"": false}}}, {""type"": ""function"", ""function"": {""name"": ""numerical_derivative"", ""parameters"": {""type"": ""object"", ""properties"": {""function"": {""description"": ""The function to calculate the derivative of.""}, ""x"": {""type"": ""number"", ""description"": ""The point at which to estimate the derivative.""}}, ""required"": [""function"", ""x""], ""additionalProperties"": false}}}, {""type"": ""function"", ""function"": {""name"": ""batting_average"", ""parameters"": {""type"": ""object"", ""properties"": {""num_hits"": {""type"": ""integer"", ""description"": ""The number of hits."", ""default"": 3}, ""num_at_bats"": {""type"": ""integer"", ""description"": ""The number of at-bats."", ""default"": 3}, ""precision"": {""type"": ""integer"", ""description"": ""The number of decimal places to round the batting average. Defaults to 3.""}}, ""required"": [""num_hits"", ""num_at_bats""], ""additionalProperties"": false}}}]","{""name"": ""numerical_derivative"", ""arguments"": {""function"": ""lambda x: x ** 2"", ""x"": 3}}"
"Predict the y-value for x=7 using a linear regression model trained on points (4,4), (5,5), (6,6).","[{""type"": ""function"", ""function"": {""name"": ""cosine_similarity"", ""parameters"": {""type"": ""object"", ""properties"": {""vector_a"": {""items"": {""type"": ""number""}, ""type"": ""array"", ""description"": ""The first vector.""}, ""vector_b"": {""items"": {""type"": ""number""}, ""type"": ""array"", ""description"": ""The second vector.""}}, ""required"": [""vector_a"", ""vector_b""], ""additionalProperties"": false}}}, {""type"": ""function"", ""function"": {""name"": ""linear_regression_prediction"", ""parameters"": {""type"": ""object"", ""properties"": {""x_values"": {""items"": {""type"": ""number""}, ""type"": ""array"", ""description"": ""The x-coordinates of the data points.""}, ""y_values"": {""items"": {""type"": ""number""}, ""type"": ""array"", ""description"": ""The y-coordinates of the data points.""}, ""target_x"": {""type"": ""number"", ""description"": ""The x-value for which to predict the y-value.""}}, ""required"": [""x_values"", ""y_values"", ""target_x""], ""additionalProperties"": false}}}, {""type"": ""function"", ""function"": {""name"": ""polygon_area_shoelace"", ""parameters"": {""type"": ""object"", ""properties"": {""vertices"": {""items"": {""items"": {}, ""type"": ""array""}, ""type"": ""array"", ""description"": ""A list of polygon vertices represented as tuples (x, y).""}}, ""required"": [""vertices""], ""additionalProperties"": false}}}, {""type"": ""function"", ""function"": {""name"": ""is_perfect_square"", ""parameters"": {""type"": ""object"", ""properties"": {""num"": {""type"": ""integer"", ""description"": ""The number to check.""}}, ""required"": [""num""], ""additionalProperties"": false}}}]","{""name"": ""linear_regression_prediction"", ""arguments"": {""x_values"": [4, 5, 6], ""y_values"": [4, 5, 6], ""target_x"": 7}}"
"Compute the distance between two points in a 5D space. The first point is located at (1, 2, 3, 4, 5) and the second point is at (6, 7, 8, 9, 10).","[{""type"": ""function"", ""function"": {""name"": ""calculate_distance"", ""parameters"": {""type"": ""object"", ""properties"": {""point1"": {""items"": {""type"": ""number""}, ""type"": ""array"", ""description"": ""The coordinates of the first point.""}, ""point2"": {""items"": {""type"": ""number""}, ""type"": ""array"", ""description"": ""The coordinates of the second point.""}}, ""required"": [""point1"", ""point2""], ""additionalProperties"": false}}}]","{""name"": ""calculate_distance"", ""arguments"": {""point1"": [1, 2, 3, 4, 5], ""point2"": [6, 7, 8, 9, 10]}}"
"What is the final velocity of an object that starts at 10 m/s and accelerates at 5 m/s² for 3 seconds? Also, is 169 a perfect square?","[{""type"": ""function"", ""function"": {""name"": ""find_n_largest_numbers"", ""parameters"": {""type"": ""object"", ""properties"": {""nums"": {""items"": {""type"": ""integer""}, ""type"": ""array"", ""description"": ""The list of numbers.""}, ""n"": {""type"": ""integer"", ""description"": ""The number of largest numbers to find.""}}, ""required"": [""nums"", ""n""], ""additionalProperties"": false}}}, {""type"": ""function"", ""function"": {""name"": ""final_velocity"", ""parameters"": {""type"": ""object"", ""properties"": {""initial_velocity"": {""type"": ""number"", ""description"": ""The initial velocity of the object.""}, ""acceleration"": {""type"": ""number"", ""description"": ""The acceleration of the object.""}, ""time"": {""type"": ""number"", ""description"": ""The time elapsed.""}}, ""required"": [""initial_velocity"", ""acceleration"", ""time""], ""additionalProperties"": false}}}, {""type"": ""function"", ""function"": {""name"": ""sort_numbers"", ""parameters"": {""type"": ""object"", ""properties"": {""numbers"": {""items"": {""type"": ""number""}, ""type"": ""array"", ""description"": ""The list of numbers to be sorted.""}, ""descending"": {""type"": ""boolean"", ""description"": ""If True, sorts the numbers in descending order. Defaults to False.""}}, ""required"": [""numbers""], ""additionalProperties"": false}}}, {""type"": ""function"", ""function"": {""name"": ""is_perfect_square"", ""parameters"": {""type"": ""object"", ""properties"": {""num"": {""type"": ""integer"", ""description"": ""The number to check.""}}, ""required"": [""num""], ""additionalProperties"": false}}}]","{""name"": ""final_velocity"", ""arguments"": {""initial_velocity"": 10, ""acceleration"": 5, ""time"": 3}}"
"Log in 'dave' with 'davidson' and get case details for '98765'. Also, recommend for experiment '161718'.","[{""type"": ""function"", ""function"": {""name"": ""loginuser"", ""parameters"": {""type"": ""object"", ""properties"": {""username"": {""type"": ""string"", ""description"": ""The username for login.""}, ""password"": {""type"": ""string"", ""description"": ""The password for login in clear text.""}}, ""required"": [""username"", ""password""], ""additionalProperties"": false}}}, {""type"": ""function"", ""function"": {""name"": ""get_case_by_id"", ""parameters"": {""type"": ""object"", ""properties"": {""is_id"": {""type"": ""string"", ""description"": ""The ID of the case to fetch."", ""default"": ""611c0765e9308692195b8538""}}, ""required"": [""is_id""], ""additionalProperties"": false}}}, {""type"": ""function"", ""function"": {""name"": ""read_user"", ""parameters"": {""type"": ""object"", ""properties"": {""user_id"": {""type"": ""string"", ""description"": ""The ID of the user to be fetched.""}}, ""required"": [""user_id""], ""additionalProperties"": false}}}, {""type"": ""function"", ""function"": {""name"": ""recommend"", ""parameters"": {""type"": ""object"", ""properties"": {""experiment_id"": {""type"": ""integer"", ""description"": ""The ID of the experiment for which to fetch recommendations."", ""default"": 12234}}, ""required"": [""experiment_id""], ""additionalProperties"": false}}}]","{""name"": ""loginuser"", ""arguments"": {""username"": ""dave"", ""password"": ""davidson""}}"
Predict the evolution rate of a dolphin over 20 years using the Darwin model.,"[{""type"": ""function"", ""function"": {""name"": ""assess_diabetes_risk"", ""parameters"": {""type"": ""object"", ""properties"": {""weight_lbs"": {""type"": ""integer"", ""description"": ""Body weight in pounds.""}, ""height_inches"": {""type"": ""integer"", ""description"": ""Height in inches.""}, ""activity"": {""type"": ""string"", ""description"": ""Physical activity level. Allowed values: \""sedentary\"", \""lightly active\"", \""moderately active\"", or \""very active\"".""}}, ""required"": [""weight_lbs"", ""height_inches"", ""activity""], ""additionalProperties"": false}}}, {""type"": ""function"", ""function"": {""name"": ""predict_evolution_rate"", ""parameters"": {""type"": ""object"", ""properties"": {""species"": {""type"": ""string"", ""description"": ""The species that the evolution rate will be predicted for."", ""default"": ""Darwin""}, ""years"": {""type"": ""integer"", ""description"": ""Number of years for the prediction.""}, ""model"": {""type"": ""string"", ""description"": ""The model used to make the prediction, options: 'Darwin', 'Lamarck', default is 'Darwin'.""}}, ""required"": [""species"", ""years"", ""model""], ""additionalProperties"": false}}}]","{""name"": ""predict_evolution_rate"", ""arguments"": {""species"": ""dolphin"", ""years"": 20, ""model"": ""Darwin""}}"
"Find the next greater element for each number in [13, 7, 6, 12] and the pairs in [3, 4, 5, 6] that sum up to 7.","[{""type"": ""function"", ""function"": {""name"": ""find_next_greater_element"", ""parameters"": {""type"": ""object"", ""properties"": {""nums"": {""items"": {""type"": ""integer""}, ""type"": ""array"", ""description"": ""The list of numbers.""}}, ""required"": [""nums""], ""additionalProperties"": false}}}, {""type"": ""function"", ""function"": {""name"": ""find_pairs_with_sum"", ""parameters"": {""type"": ""object"", ""properties"": {""nums"": {""items"": {""type"": ""integer""}, ""type"": ""array"", ""description"": ""The list of integers.""}, ""target"": {""type"": ""integer"", ""description"": ""The target sum value.""}}, ""required"": [""nums"", ""target""], ""additionalProperties"": false}}}, {""type"": ""function"", ""function"": {""name"": ""dice_roll_probability"", ""parameters"": {""type"": ""object"", ""properties"": {""target_sum"": {""type"": ""integer"", ""description"": ""The target sum to calculate the probability for."", ""default"": 6}, ""num_dice"": {""type"": ""integer"", ""description"": ""The number of dice being rolled."", ""default"": 6}, ""num_faces"": {""type"": ""integer"", ""description"": ""The number of faces on each die. Defaults to 6.""}}, ""required"": [""target_sum"", ""num_dice""], ""additionalProperties"": false}}}]","{""name"": ""find_next_greater_element"", ""arguments"": {""nums"": [13, 7, 6, 12]}}"
"What is the recommended calorie intake for a 70kg, 180cm tall, 30-year-old male who is moderately active and wants to maintain weight? Also, get the city name from the ZIP code 90210.","[{""type"": ""function"", ""function"": {""name"": ""get_dna_sequence"", ""parameters"": {""type"": ""object"", ""properties"": {""sequence_id"": {""type"": ""string"", ""description"": ""The unique identifier for the DNA sequence."", ""default"": ""fasta""}, ""file_format"": {""type"": ""string"", ""description"": ""The format of the returned sequence. Allowed values: \""fasta\"" (default) or \""gb\"".""}, ""upstream_bases"": {""type"": ""integer"", ""description"": ""The number of bases upstream of the sequence to include. Defaults to 0.""}}, ""required"": [""sequence_id""], ""additionalProperties"": false}}}, {""type"": ""function"", ""function"": {""name"": ""project_population"", ""parameters"": {""type"": ""object"", ""properties"": {""current_pop"": {""type"": ""integer"", ""description"": ""The current population size.""}, ""num_years"": {""type"": ""integer"", ""description"": ""The number of years into the future to make the projection.""}, ""annual_growth"": {""type"": ""number"", ""description"": ""The annual population growth rate as a percentage. Defaults to 1.2.""}}, ""required"": [""current_pop"", ""num_years""], ""additionalProperties"": false}}}, {""type"": ""function"", ""function"": {""name"": ""calculate_calorie_intake"", ""parameters"": {""type"": ""object"", ""properties"": {""weight_kg"": {""type"": ""number"", ""description"": ""Body weight in kilograms.""}, ""height_cm"": {""type"": ""number"", ""description"": ""Height in centimeters.""}, ""age"": {""type"": ""integer"", ""description"": ""Age in years.""}, ""sex"": {""type"": ""string"", ""description"": ""Biological sex, either 'male' or 'female'.""}, ""activity_level"": {""type"": ""integer"", ""description"": ""Activity level on a scale of 1 to 5 (1 = sedentary, 5 = extremely active).""}, ""goal"": {""type"": ""string"", ""description"": ""Fitness goal, either 'lose', 'maintain', or 'gain'.""}}, ""required"": [""weight_kg"", ""height_cm"", ""age"", ""sex"", ""activity_level"", ""goal""], ""additionalProperties"": false}}}, {""type"": ""function"", ""function"": {""name"": ""get_city_from_zipcode"", ""parameters"": {""type"": ""object"", ""properties"": {""zipcode"": {""type"": ""string"", ""description"": ""The ZIP code to look up.""}}, ""required"": [""zipcode""], ""additionalProperties"": false}}}, {""type"": ""function"", ""function"": {""name"": ""geocode_city"", ""parameters"": {""type"": ""object"", ""properties"": {""city"": {""type"": ""string"", ""description"": ""The name of the city.""}}, ""required"": [""city""], ""additionalProperties"": false}}}]","{""name"": ""calculate_calorie_intake"", ""arguments"": {""weight_kg"": 70, ""height_cm"": 180, ""age"": 30, ""sex"": ""male"", ""activity_level"": 3, ""goal"": ""maintain""}}"
"I'm interested in the WHOIS report for 'travelguide.me'. Also, what are the download details for the video 'nopqrst' from the UK?","[{""type"": ""function"", ""function"": {""name"": ""whois"", ""parameters"": {""type"": ""object"", ""properties"": {""domain"": {""type"": ""string"", ""description"": ""The domain name for which WHOIS information is to be fetched."", ""default"": ""rapidapi.com""}}, ""required"": [""domain""], ""additionalProperties"": false}}}, {""type"": ""function"", ""function"": {""name"": ""download_stream"", ""parameters"": {""type"": ""object"", ""properties"": {""is_id"": {""type"": ""string"", ""description"": ""YouTube Video ID to stream or download information."", ""default"": ""UxxajLWwzqY""}, ""cgeo"": {""type"": ""string"", ""description"": ""Country code in ISO 3166 format of the end user. Defaults to None.""}}, ""required"": [""is_id""], ""additionalProperties"": false}}}]","{""name"": ""whois"", ""arguments"": {""domain"": ""travelguide.me""}}"
"Calculate the final amount for an investment of $2000 at a 4.5% annual rate for 7 years, compounded quarterly.","[{""type"": ""function"", ""function"": {""name"": ""compound_interest"", ""parameters"": {""type"": ""object"", ""properties"": {""principal"": {""type"": ""number"", ""description"": ""The initial investment amount.""}, ""rate"": {""type"": ""number"", ""description"": ""The annual interest rate expressed as a decimal.""}, ""time"": {""type"": ""number"", ""description"": ""The time in years for which the investment is held.""}, ""n"": {""type"": ""integer"", ""description"": ""The number of times interest is compounded per year. Defaults to 1.""}}, ""required"": [""principal"", ""rate"", ""time""], ""additionalProperties"": false}}}]","{""name"": ""compound_interest"", ""arguments"": {""principal"": 2000, ""rate"": 0.045, ""time"": 7, ""n"": 4}}"
Reverse the string 'Python is fun!',"[{""type"": ""function"", ""function"": {""name"": ""split_list"", ""parameters"": {""type"": ""object"", ""properties"": {""lst"": {""items"": {}, ""type"": ""array"", ""description"": ""The input list.""}, ""chunk_size"": {""type"": ""integer"", ""description"": ""The size of each chunk.""}}, ""required"": [""lst"", ""chunk_size""], ""additionalProperties"": false}}}, {""type"": ""function"", ""function"": {""name"": ""format_date"", ""parameters"": {""type"": ""object"", ""properties"": {""date"": {""type"": ""string"", ""description"": ""The date string to convert.""}, ""input_format"": {""type"": ""string"", ""description"": ""The format of the input date string.""}, ""output_format"": {""type"": ""string"", ""description"": ""The desired format of the output date string.""}}, ""required"": [""date"", ""input_format"", ""output_format""], ""additionalProperties"": false}}}, {""type"": ""function"", ""function"": {""name"": ""find_first_non_repeating_char"", ""parameters"": {""type"": ""object"", ""properties"": {""s"": {""type"": ""string"", ""description"": ""The input string.""}}, ""required"": [""s""], ""additionalProperties"": false}}}, {""type"": ""function"", ""function"": {""name"": ""reverse_string"", ""parameters"": {""type"": ""object"", ""properties"": {""text"": {""type"": ""string"", ""description"": ""The input string.""}}, ""required"": [""text""], ""additionalProperties"": false}}}]","{""name"": ""reverse_string"", ""arguments"": {""text"": ""Python is fun!""}}"
"Suppose there are meetings with intervals [10,15], [11,16], [12,17], [13,20], [15,22]. What is the minimum number of meeting rooms required?","[{""type"": ""function"", ""function"": {""name"": ""min_meeting_rooms"", ""parameters"": {""type"": ""object"", ""properties"": {""intervals"": {""items"": {""items"": {""type"": ""integer""}, ""type"": ""array""}, ""type"": ""array"", ""description"": ""A list of meeting time intervals, where each interval is represented as [start_time, end_time].""}}, ""required"": [""intervals""], ""additionalProperties"": false}}}]","{""name"": ""min_meeting_rooms"", ""arguments"": {""intervals"": [[10, 15], [11, 16], [12, 17], [13, 20], [15, 22]]}}"
"Calculate the cell density of a sample with an optical density of 0.3 and a dilution factor of 5, using a custom calibration factor of 500000000.","[{""type"": ""function"", ""function"": {""name"": ""cell_density"", ""parameters"": {""type"": ""object"", ""properties"": {""od"": {""type"": ""number"", ""description"": ""The optical density of the sample."", ""default"": 1000000000.0}, ""dilution"": {""type"": ""integer"", ""description"": ""The dilution factor applied to the sample.""}, ""factor"": {""type"": ""number"", ""description"": ""The calibration factor for converting OD to cell density. Defaults to 1e9.""}}, ""required"": [""od"", ""dilution""], ""additionalProperties"": false}}}, {""type"": ""function"", ""function"": {""name"": ""wire_resistance"", ""parameters"": {""type"": ""object"", ""properties"": {""length_m"": {""type"": ""integer"", ""description"": ""The length of the wire in meters.""}, ""area_sq_m"": {""type"": ""number"", ""description"": ""The cross-sectional area of the wire in square meters.""}, ""material"": {""type"": ""string"", ""description"": ""The material of the wire. Allowed values: \""copper\"" (default) or \""aluminum\"".""}}, ""required"": [""length_m"", ""area_sq_m""], ""additionalProperties"": false}}}, {""type"": ""function"", ""function"": {""name"": ""draw_cards"", ""parameters"": {""type"": ""object"", ""properties"": {""num_draw"": {""type"": ""integer"", ""description"": ""The number of cards to be drawn. Defaults to 1."", ""default"": 1}}, ""required"": [], ""additionalProperties"": false}}}, {""type"": ""function"", ""function"": {""name"": ""calculate_quarterly_dividend"", ""parameters"": {""type"": ""object"", ""properties"": {""total_dividend"": {""type"": ""integer"", ""description"": ""The total dividend payout in USD.""}, ""num_shares"": {""type"": ""integer"", ""description"": ""The number of outstanding shares.""}}, ""required"": [""total_dividend"", ""num_shares""], ""additionalProperties"": false}}}]","{""name"": ""cell_density"", ""arguments"": {""od"": 0.3, ""dilution"": 5, ""factor"": 500000000}}"
"Predict the change in forest area for the Siberian Taiga over the next 20 years, while considering human impact.","[{""type"": ""function"", ""function"": {""name"": ""predict_forest_area"", ""parameters"": {""type"": ""object"", ""properties"": {""location"": {""type"": ""string"", ""description"": ""The geographic location for the prediction.""}, ""num_years"": {""type"": ""integer"", ""description"": ""The number of years into the future to make the prediction.""}, ""include_humans"": {""type"": ""boolean"", ""description"": ""Whether to include the impact of human activities in the prediction. Defaults to False.""}}, ""required"": [""location"", ""num_years""], ""additionalProperties"": false}}}, {""type"": ""function"", ""function"": {""name"": ""analyze_social_group_dynamics"", ""parameters"": {""type"": ""object"", ""properties"": {""total"": {""type"": ""integer"", ""description"": ""The total group size.""}, ""extroverts"": {""type"": ""integer"", ""description"": ""The number of extroverted members in the group.""}, ""introverts"": {""type"": ""integer"", ""description"": ""The number of introverted members in the group.""}}, ""required"": [""total"", ""extroverts"", ""introverts""], ""additionalProperties"": false}}}, {""type"": ""function"", ""function"": {""name"": ""is_valid_email"", ""parameters"": {""type"": ""object"", ""properties"": {""email"": {""type"": ""string"", ""description"": ""The email address to validate.""}}, ""required"": [""email""], ""additionalProperties"": false}}}, {""type"": ""function"", ""function"": {""name"": ""get_ip_zipcode"", ""parameters"": {""type"": ""object"", ""properties"": {""ip"": {""type"": ""string"", ""description"": ""The IP address to locate.""}}, ""required"": [""ip""], ""additionalProperties"": false}}}]","{""name"": ""predict_forest_area"", ""arguments"": {""location"": ""Siberian Taiga"", ""num_years"": 20, ""include_humans"": true}}"
What is the area of a circle with a radius of 7 units?,"[{""type"": ""function"", ""function"": {""name"": ""calculate_standard_deviation"", ""parameters"": {""type"": ""object"", ""properties"": {""numbers"": {""items"": {}, ""type"": ""array"", ""description"": ""The list of numbers.""}}, ""required"": [""numbers""], ""additionalProperties"": false}}}, {""type"": ""function"", ""function"": {""name"": ""circle_area"", ""parameters"": {""type"": ""object"", ""properties"": {""radius"": {""type"": ""number"", ""description"": ""The radius of the circle.""}}, ""required"": [""radius""], ""additionalProperties"": false}}}, {""type"": ""function"", ""function"": {""name"": ""linear_regression_prediction"", ""parameters"": {""type"": ""object"", ""properties"": {""x_values"": {""items"": {""type"": ""number""}, ""type"": ""array"", ""description"": ""The x-coordinates of the data points.""}, ""y_values"": {""items"": {""type"": ""number""}, ""type"": ""array"", ""description"": ""The y-coordinates of the data points.""}, ""target_x"": {""type"": ""number"", ""description"": ""The x-value for which to predict the y-value.""}}, ""required"": [""x_values"", ""y_values"", ""target_x""], ""additionalProperties"": false}}}, {""type"": ""function"", ""function"": {""name"": ""convert_cooking_measurements"", ""parameters"": {""type"": ""object"", ""properties"": {""quantity"": {""type"": ""number"", ""description"": ""The quantity of the item to convert.""}, ""from_unit"": {""type"": ""string"", ""description"": ""The unit of the input quantity (e.g., 'cup', 'gram').""}, ""to_unit"": {""type"": ""string"", ""description"": ""The unit to which the quantity should be converted (e.g., 'ounce', 'kilogram').""}, ""item"": {""type"": ""string"", ""description"": ""The cooking ingredient being converted (e.g., 'flour', 'sugar').""}}, ""required"": [""quantity"", ""from_unit"", ""to_unit"", ""item""], ""additionalProperties"": false}}}, {""type"": ""function"", ""function"": {""name"": ""min_meeting_rooms"", ""parameters"": {""type"": ""object"", ""properties"": {""intervals"": {""items"": {""items"": {""type"": ""integer""}, ""type"": ""array""}, ""type"": ""array"", ""description"": ""A list of meeting time intervals, where each interval is represented as [start_time, end_time].""}}, ""required"": [""intervals""], ""additionalProperties"": false}}}]","{""name"": ""circle_area"", ""arguments"": {""radius"": 7}}"
Calculate the area of a triangle with a base of 5 units and a height of 7 units.,"[{""type"": ""function"", ""function"": {""name"": ""california_alimony"", ""parameters"": {""type"": ""object"", ""properties"": {""payor_monthly_income"": {""type"": ""integer"", ""description"": ""The monthly gross income of the payor spouse.""}, ""recipient_monthly_income"": {""type"": ""integer"", ""description"": ""The monthly gross income of the recipient spouse.""}, ""duration_years"": {""type"": ""integer"", ""description"": ""The duration of the alimony in years.""}}, ""required"": [""payor_monthly_income"", ""recipient_monthly_income"", ""duration_years""], ""additionalProperties"": false}}}, {""type"": ""function"", ""function"": {""name"": ""triangle_area"", ""parameters"": {""type"": ""object"", ""properties"": {""base"": {""type"": ""number"", ""description"": ""The length of the base of the triangle.""}, ""height"": {""type"": ""number"", ""description"": ""The height of the triangle.""}}, ""required"": [""base"", ""height""], ""additionalProperties"": false}}}, {""type"": ""function"", ""function"": {""name"": ""linear_regression_prediction"", ""parameters"": {""type"": ""object"", ""properties"": {""x_values"": {""items"": {""type"": ""number""}, ""type"": ""array"", ""description"": ""The x-coordinates of the data points.""}, ""y_values"": {""items"": {""type"": ""number""}, ""type"": ""array"", ""description"": ""The y-coordinates of the data points.""}, ""target_x"": {""type"": ""number"", ""description"": ""The x-value for which to predict the y-value.""}}, ""required"": [""x_values"", ""y_values"", ""target_x""], ""additionalProperties"": false}}}, {""type"": ""function"", ""function"": {""name"": ""numerical_derivative"", ""parameters"": {""type"": ""object"", ""properties"": {""function"": {""description"": ""The function to calculate the derivative of.""}, ""x"": {""type"": ""number"", ""description"": ""The point at which to estimate the derivative.""}}, ""required"": [""function"", ""x""], ""additionalProperties"": false}}}]","{""name"": ""triangle_area"", ""arguments"": {""base"": 5, ""height"": 7}}"
Find the ZIP code of an IP address '1.1.1.1'.,"[{""type"": ""function"", ""function"": {""name"": ""get_ip_zipcode"", ""parameters"": {""type"": ""object"", ""properties"": {""ip"": {""type"": ""string"", ""description"": ""The IP address to locate.""}}, ""required"": [""ip""], ""additionalProperties"": false}}}]","{""name"": ""get_ip_zipcode"", ""arguments"": {""ip"": ""1.1.1.1""}}"
"If the initial population is 400 bacteria, the growth rate is 0.035, the time is 200 minutes, and the doubling time is set to 40 minutes, what is the final count?","[{""type"": ""function"", ""function"": {""name"": ""bacterial_growth"", ""parameters"": {""type"": ""object"", ""properties"": {""initial_population"": {""type"": ""integer"", ""description"": ""The initial bacterial population."", ""default"": 20}, ""growth_rate"": {""type"": ""number"", ""description"": ""The growth rate per unit time.""}, ""time"": {""type"": ""number"", ""description"": ""The time elapsed.""}, ""doubling_time"": {""type"": ""number"", ""description"": ""The doubling time of the bacteria in minutes. Defaults to 20.""}}, ""required"": [""initial_population"", ""growth_rate"", ""time""], ""additionalProperties"": false}}}]","{""name"": ""bacterial_growth"", ""arguments"": {""initial_population"": 400, ""growth_rate"": 0.035, ""time"": 200, ""doubling_time"": 40}}"
"Calculate the batting average of a player who had 200 hits in 600 at-bats, rounding the result to 3 decimal places. Also, find the batting average of a player who had one hundred thirty-five hits in 450 at-bats, rounding the result to 2 decimal places.","[{""type"": ""function"", ""function"": {""name"": ""batting_average"", ""parameters"": {""type"": ""object"", ""properties"": {""num_hits"": {""type"": ""integer"", ""description"": ""The number of hits."", ""default"": 3}, ""num_at_bats"": {""type"": ""integer"", ""description"": ""The number of at-bats."", ""default"": 3}, ""precision"": {""type"": ""integer"", ""description"": ""The number of decimal places to round the batting average. Defaults to 3.""}}, ""required"": [""num_hits"", ""num_at_bats""], ""additionalProperties"": false}}}]","{""name"": ""batting_average"", ""arguments"": {""num_hits"": 200, ""num_at_bats"": 600, ""precision"": 3}}"
Find out if 25 and 36 are perfect squares.,"[{""type"": ""function"", ""function"": {""name"": ""cosine_similarity"", ""parameters"": {""type"": ""object"", ""properties"": {""vector_a"": {""items"": {""type"": ""number""}, ""type"": ""array"", ""description"": ""The first vector.""}, ""vector_b"": {""items"": {""type"": ""number""}, ""type"": ""array"", ""description"": ""The second vector.""}}, ""required"": [""vector_a"", ""vector_b""], ""additionalProperties"": false}}}, {""type"": ""function"", ""function"": {""name"": ""linear_regression_prediction"", ""parameters"": {""type"": ""object"", ""properties"": {""x_values"": {""items"": {""type"": ""number""}, ""type"": ""array"", ""description"": ""The x-coordinates of the data points.""}, ""y_values"": {""items"": {""type"": ""number""}, ""type"": ""array"", ""description"": ""The y-coordinates of the data points.""}, ""target_x"": {""type"": ""number"", ""description"": ""The x-value for which to predict the y-value.""}}, ""required"": [""x_values"", ""y_values"", ""target_x""], ""additionalProperties"": false}}}, {""type"": ""function"", ""function"": {""name"": ""polygon_area_shoelace"", ""parameters"": {""type"": ""object"", ""properties"": {""vertices"": {""items"": {""items"": {}, ""type"": ""array""}, ""type"": ""array"", ""description"": ""A list of polygon vertices represented as tuples (x, y).""}}, ""required"": [""vertices""], ""additionalProperties"": false}}}, {""type"": ""function"", ""function"": {""name"": ""is_perfect_square"", ""parameters"": {""type"": ""object"", ""properties"": {""num"": {""type"": ""integer"", ""description"": ""The number to check.""}}, ""required"": [""num""], ""additionalProperties"": false}}}]","{""name"": ""is_perfect_square"", ""arguments"": {""num"": 25}}"
Calculate the electric field produced by a charge of 100 coulombs at a distance of 10 meters with a permitivity of 2.2e-11.,"[{""type"": ""function"", ""function"": {""name"": ""cosine_similarity"", ""parameters"": {""type"": ""object"", ""properties"": {""vector_a"": {""items"": {""type"": ""number""}, ""type"": ""array"", ""description"": ""The first vector.""}, ""vector_b"": {""items"": {""type"": ""number""}, ""type"": ""array"", ""description"": ""The second vector.""}}, ""required"": [""vector_a"", ""vector_b""], ""additionalProperties"": false}}}, {""type"": ""function"", ""function"": {""name"": ""calculate_electric_field"", ""parameters"": {""type"": ""object"", ""properties"": {""charge"": {""type"": ""integer"", ""description"": ""Charge in coulombs producing the electric field.""}, ""distance"": {""type"": ""integer"", ""description"": ""Distance from the charge in meters where the field is being measured.""}, ""permitivity"": {""type"": ""number"", ""description"": ""Permitivity of the space where field is being calculated, default is 8.854e-12.""}}, ""required"": [""charge"", ""distance"", ""permitivity""], ""additionalProperties"": false}}}, {""type"": ""function"", ""function"": {""name"": ""find_n_largest_numbers"", ""parameters"": {""type"": ""object"", ""properties"": {""nums"": {""items"": {""type"": ""integer""}, ""type"": ""array"", ""description"": ""The list of numbers.""}, ""n"": {""type"": ""integer"", ""description"": ""The number of largest numbers to find.""}}, ""required"": [""nums"", ""n""], ""additionalProperties"": false}}}, {""type"": ""function"", ""function"": {""name"": ""california_alimony"", ""parameters"": {""type"": ""object"", ""properties"": {""payor_monthly_income"": {""type"": ""integer"", ""description"": ""The monthly gross income of the payor spouse.""}, ""recipient_monthly_income"": {""type"": ""integer"", ""description"": ""The monthly gross income of the recipient spouse.""}, ""duration_years"": {""type"": ""integer"", ""description"": ""The duration of the alimony in years.""}}, ""required"": [""payor_monthly_income"", ""recipient_monthly_income"", ""duration_years""], ""additionalProperties"": false}}}]","{""name"": ""calculate_electric_field"", ""arguments"": {""charge"": 100, ""distance"": 10, ""permitivity"": 2.2e-11}}"
"What is the result message of performing a static analysis on building 'A123' for floors [1, 3, 5]?","[{""type"": ""function"", ""function"": {""name"": ""structural_analysis"", ""parameters"": {""type"": ""object"", ""properties"": {""building_id"": {""type"": ""string"", ""description"": ""The unique identifier of the building."", ""default"": ""static""}, ""floor_numbers"": {""items"": {""type"": ""integer""}, ""type"": ""array"", ""description"": ""The list of floor numbers to be analyzed.""}, ""analysis_mode"": {""type"": ""string"", ""description"": ""The mode of analysis, either \""static\"" or \""dynamic\"". Defaults to \""static\"".""}}, ""required"": [""building_id"", ""floor_numbers""], ""additionalProperties"": false}}}, {""type"": ""function"", ""function"": {""name"": ""calculate_order_total"", ""parameters"": {""type"": ""object"", ""properties"": {""items"": {""items"": {""type"": ""string""}, ""type"": ""array"", ""description"": ""A list of item names.""}, ""quantities"": {""items"": {""type"": ""integer""}, ""type"": ""array"", ""description"": ""A list of corresponding quantities for each item.""}, ""prices"": {""items"": {""type"": ""number""}, ""type"": ""array"", ""description"": ""A list of corresponding prices for each item.""}}, ""required"": [""items"", ""quantities"", ""prices""], ""additionalProperties"": false}}}, {""type"": ""function"", ""function"": {""name"": ""is_hotel_available"", ""parameters"": {""type"": ""object"", ""properties"": {""hotel"": {""type"": ""string"", ""description"": ""The name of the hotel.""}, ""city"": {""type"": ""string"", ""description"": ""The city where the hotel is located.""}, ""checkin"": {""type"": ""string"", ""description"": ""The check-in date in the format \""YYYY-MM-DD\"".""}, ""checkout"": {""type"": ""string"", ""description"": ""The check-out date in the format \""YYYY-MM-DD\"".""}}, ""required"": [""hotel"", ""city"", ""checkin"", ""checkout""], ""additionalProperties"": false}}}]","{""name"": ""structural_analysis"", ""arguments"": {""building_id"": ""A123"", ""floor_numbers"": [1, 3, 5], ""analysis_mode"": ""static""}}"
"Find all pairs of integers in the list [1, 2, 3, 4, 5] that sum up to 7.","[{""type"": ""function"", ""function"": {""name"": ""find_pairs_with_sum"", ""parameters"": {""type"": ""object"", ""properties"": {""nums"": {""items"": {""type"": ""integer""}, ""type"": ""array"", ""description"": ""The list of integers.""}, ""target"": {""type"": ""integer"", ""description"": ""The target sum value.""}}, ""required"": [""nums"", ""target""], ""additionalProperties"": false}}}, {""type"": ""function"", ""function"": {""name"": ""linear_regression_prediction"", ""parameters"": {""type"": ""object"", ""properties"": {""x_values"": {""items"": {""type"": ""number""}, ""type"": ""array"", ""description"": ""The x-coordinates of the data points.""}, ""y_values"": {""items"": {""type"": ""number""}, ""type"": ""array"", ""description"": ""The y-coordinates of the data points.""}, ""target_x"": {""type"": ""number"", ""description"": ""The x-value for which to predict the y-value.""}}, ""required"": [""x_values"", ""y_values"", ""target_x""], ""additionalProperties"": false}}}, {""type"": ""function"", ""function"": {""name"": ""greatest_common_divisor"", ""parameters"": {""type"": ""object"", ""properties"": {""a"": {""type"": ""integer"", ""description"": ""The first non-negative integer.""}, ""b"": {""type"": ""integer"", ""description"": ""The second non-negative integer.""}}, ""required"": [""a"", ""b""], ""additionalProperties"": false}}}]","{""name"": ""find_pairs_with_sum"", ""arguments"": {""nums"": [1, 2, 3, 4, 5], ""target"": 7}}"
"Calculate the investment growth for an initial investment of $1000, annual addition of $500, for 10 years, with a return rate of 7% and an annual inflation rate of 2%.","[{""type"": ""function"", ""function"": {""name"": ""project_investment_growth"", ""parameters"": {""type"": ""object"", ""properties"": {""principal"": {""type"": ""number"", ""description"": ""The initial investment amount.""}, ""annual_addition"": {""type"": ""number"", ""description"": ""The amount added to the investment annually.""}, ""years"": {""type"": ""integer"", ""description"": ""The number of years to project the investment growth.""}, ""return_rate"": {""type"": ""number"", ""description"": ""The annual return rate as a decimal (e.g., 0.07 for 7%).""}, ""inflation"": {""items"": {""type"": ""number""}, ""type"": ""array"", ""description"": ""A list of annual inflation rates as decimals.""}, ""inflation_adjusted"": {""type"": ""boolean"", ""description"": ""Whether to adjust the final value for inflation. Defaults to True.""}}, ""required"": [""principal"", ""annual_addition"", ""years"", ""return_rate"", ""inflation""], ""additionalProperties"": false}}}, {""type"": ""function"", ""function"": {""name"": ""get_pokemon_move_info"", ""parameters"": {""type"": ""object"", ""properties"": {""pokemon_name"": {""type"": ""string"", ""description"": ""The name of the Pokémon."", ""default"": ""run""}, ""move_name"": {""type"": ""string"", ""description"": ""The name of the move to check. Defaults to \""run\""."", ""default"": ""run""}}, ""required"": [""pokemon_name""], ""additionalProperties"": false}}}, {""type"": ""function"", ""function"": {""name"": ""geocode_city"", ""parameters"": {""type"": ""object"", ""properties"": {""city"": {""type"": ""string"", ""description"": ""The name of the city.""}}, ""required"": [""city""], ""additionalProperties"": false}}}, {""type"": ""function"", ""function"": {""name"": ""is_valid_ip_address"", ""parameters"": {""type"": ""object"", ""properties"": {""ip"": {""type"": ""string"", ""description"": ""The string to check.""}}, ""required"": [""ip""], ""additionalProperties"": false}}}]","{""name"": ""project_investment_growth"", ""arguments"": {""principal"": 1000, ""annual_addition"": 500, ""years"": 10, ""return_rate"": 0.07, ""inflation"": ""[0.02] * 10""}}"
"What is the neuronal activity rate given a synaptic input rate of 10, a synaptic weight of 0.5, and a decay constant of 0.2? What is the Euclidean distance between the points (1, 2, 3) and (4, 5, 6)?","[{""type"": ""function"", ""function"": {""name"": ""neuronal_activity_rate"", ""parameters"": {""type"": ""object"", ""properties"": {""synaptic_input_rate"": {""type"": ""integer"", ""description"": ""The rate of synaptic inputs per second.""}, ""synaptic_weight"": {""type"": ""number"", ""description"": ""The weight of the synaptic input, denoting its influence. Defaults to 1.0."", ""default"": 0.1}, ""decay_constant"": {""type"": ""number"", ""description"": ""The rate at which the neuron's potential decays. Defaults to 0.1."", ""default"": 1.0}}, ""required"": [""synaptic_input_rate""], ""additionalProperties"": false}}}, {""type"": ""function"", ""function"": {""name"": ""calculate_distance"", ""parameters"": {""type"": ""object"", ""properties"": {""point1"": {""items"": {""type"": ""number""}, ""type"": ""array"", ""description"": ""The coordinates of the first point.""}, ""point2"": {""items"": {""type"": ""number""}, ""type"": ""array"", ""description"": ""The coordinates of the second point.""}}, ""required"": [""point1"", ""point2""], ""additionalProperties"": false}}}, {""type"": ""function"", ""function"": {""name"": ""batting_average"", ""parameters"": {""type"": ""object"", ""properties"": {""num_hits"": {""type"": ""integer"", ""description"": ""The number of hits."", ""default"": 3}, ""num_at_bats"": {""type"": ""integer"", ""description"": ""The number of at-bats."", ""default"": 3}, ""precision"": {""type"": ""integer"", ""description"": ""The number of decimal places to round the batting average. Defaults to 3.""}}, ""required"": [""num_hits"", ""num_at_bats""], ""additionalProperties"": false}}}, {""type"": ""function"", ""function"": {""name"": ""calculate_standard_deviation"", ""parameters"": {""type"": ""object"", ""properties"": {""numbers"": {""items"": {}, ""type"": ""array"", ""description"": ""The list of numbers.""}}, ""required"": [""numbers""], ""additionalProperties"": false}}}, {""type"": ""function"", ""function"": {""name"": ""average"", ""parameters"": {""type"": ""object"", ""properties"": {""numbers"": {""items"": {""type"": ""number""}, ""type"": ""array"", ""description"": ""The list of numbers.""}}, ""required"": [""numbers""], ""additionalProperties"": false}}}, {""type"": ""function"", ""function"": {""name"": ""is_power_of_two"", ""parameters"": {""type"": ""object"", ""properties"": {""num"": {""type"": ""integer"", ""description"": ""The number to check.""}}, ""required"": [""num""], ""additionalProperties"": false}}}]","{""name"": ""neuronal_activity_rate"", ""arguments"": {""synaptic_input_rate"": 10, ""synaptic_weight"": 0.5, ""decay_constant"": 0.2}}"
"What is the standard deviation of the numbers [0.5, 1.5, 2.5, 3.5, 4.5]? Also, what is the standard deviation of the numbers [5.5, 6.5, 7.5, 8.5, 9.5]?","[{""type"": ""function"", ""function"": {""name"": ""calculate_standard_deviation"", ""parameters"": {""type"": ""object"", ""properties"": {""numbers"": {""items"": {}, ""type"": ""array"", ""description"": ""The list of numbers.""}}, ""required"": [""numbers""], ""additionalProperties"": false}}}]","{""name"": ""calculate_standard_deviation"", ""arguments"": {""numbers"": [0.5, 1.5, 2.5, 3.5, 4.5]}}"
"Consider a large group of 100 individuals, with 70 extroverts and 30 introverts. What can be said about their social harmony, leadership potential, and group cohesion?","[{""type"": ""function"", ""function"": {""name"": ""analyze_social_group_dynamics"", ""parameters"": {""type"": ""object"", ""properties"": {""total"": {""type"": ""integer"", ""description"": ""The total group size.""}, ""extroverts"": {""type"": ""integer"", ""description"": ""The number of extroverted members in the group.""}, ""introverts"": {""type"": ""integer"", ""description"": ""The number of introverted members in the group.""}}, ""required"": [""total"", ""extroverts"", ""introverts""], ""additionalProperties"": false}}}]","{""name"": ""analyze_social_group_dynamics"", ""arguments"": {""total"": 100, ""extroverts"": 70, ""introverts"": 30}}"
Find the roots of the quadratic equation x^2 + 2x + 2 = 0.,"[{""type"": ""function"", ""function"": {""name"": ""solve_quadratic"", ""parameters"": {""type"": ""object"", ""properties"": {""a"": {""type"": ""number"", ""description"": ""The coefficient of the quadratic term (x^2).""}, ""b"": {""type"": ""number"", ""description"": ""The coefficient of the linear term (x).""}, ""c"": {""type"": ""number"", ""description"": ""The constant term.""}}, ""required"": [""a"", ""b"", ""c""], ""additionalProperties"": false}}}]","{""name"": ""solve_quadratic"", ""arguments"": {""a"": 1, ""b"": 2, ""c"": 2}}"
"What is my risk of developing type 2 diabetes with a weight of 150 lbs, height of 70 inches, and a moderately active lifestyle? In addition, order 5 bags of grapes and 6 bags of pears from the Safeway store in San Francisco, CA.","[{""type"": ""function"", ""function"": {""name"": ""assess_diabetes_risk"", ""parameters"": {""type"": ""object"", ""properties"": {""weight_lbs"": {""type"": ""integer"", ""description"": ""Body weight in pounds.""}, ""height_inches"": {""type"": ""integer"", ""description"": ""Height in inches.""}, ""activity"": {""type"": ""string"", ""description"": ""Physical activity level. Allowed values: \""sedentary\"", \""lightly active\"", \""moderately active\"", or \""very active\"".""}}, ""required"": [""weight_lbs"", ""height_inches"", ""activity""], ""additionalProperties"": false}}}, {""type"": ""function"", ""function"": {""name"": ""place_safeway_order"", ""parameters"": {""type"": ""object"", ""properties"": {""location"": {""type"": ""string"", ""description"": ""The location of the Safeway store, e.g., 'Palo Alto, CA'.""}, ""items"": {""items"": {}, ""type"": ""array"", ""description"": ""List of items to order.""}, ""quantity"": {""items"": {}, ""type"": ""array"", ""description"": ""Quantity of each item in the order list.""}}, ""required"": [""location"", ""items"", ""quantity""], ""additionalProperties"": false}}}, {""type"": ""function"", ""function"": {""name"": ""reserve_hotel_room"", ""parameters"": {""type"": ""object"", ""properties"": {""room_type"": {""type"": ""string"", ""description"": ""The type of room to reserve.""}, ""nightly_rate"": {""type"": ""number"", ""description"": ""The nightly rate for the room.""}, ""checkin_date"": {""type"": ""string"", ""description"": ""The check-in date in the format 'YYYY-MM-DD'.""}, ""checkout_date"": {""type"": ""string"", ""description"": ""The check-out date in the format 'YYYY-MM-DD'.""}, ""guest_id"": {""type"": ""string"", ""description"": ""The unique identifier for the guest.""}, ""promo_code"": {""type"": ""string"", ""description"": ""A promotional code for a discount. Defaults to None.""}}, ""required"": [""room_type"", ""nightly_rate"", ""checkin_date"", ""checkout_date"", ""guest_id""], ""additionalProperties"": false}}}]","{""name"": ""assess_diabetes_risk"", ""arguments"": {""weight_lbs"": 150, ""height_inches"": 70, ""activity"": ""moderately active""}}"
"I'm thinking of investing $7,500 for 8 years. If the bank offers me a 2.25% interest rate, how much money will I have at the end of this period?","[{""type"": ""function"", ""function"": {""name"": ""calculate_investment_return"", ""parameters"": {""type"": ""object"", ""properties"": {""initial_amount"": {""type"": ""integer"", ""description"": ""The initial deposit amount.""}, ""interest_rate"": {""type"": ""number"", ""description"": ""The annual interest rate provided by the bank.""}, ""num_years"": {""type"": ""integer"", ""description"": ""The number of years the money is invested.""}}, ""required"": [""initial_amount"", ""interest_rate"", ""num_years""], ""additionalProperties"": false}}}]","{""name"": ""calculate_investment_return"", ""arguments"": {""initial_amount"": 7500, ""interest_rate"": 0.0225, ""num_years"": 8}}"
"What will be the future value of an investment of $20,000 with an annual interest rate of 6% after 15 years? Also, calculate the displacement of an object with an initial velocity of 30 m/s, acceleration of 2 m/s^2, and time of 5 seconds. Lastly, what is the probability of getting exactly 5 heads in 10 coin tosses?","[{""type"": ""function"", ""function"": {""name"": ""future_investment_value"", ""parameters"": {""type"": ""object"", ""properties"": {""present_value"": {""type"": ""number"", ""description"": ""The present value of the investment.""}, ""annual_interest_rate"": {""type"": ""number"", ""description"": ""The annual interest rate as a decimal (e.g., 0.05 for 5%).""}, ""years"": {""type"": ""integer"", ""description"": ""The number of years the investment will grow.""}}, ""required"": [""present_value"", ""annual_interest_rate"", ""years""], ""additionalProperties"": false}}}, {""type"": ""function"", ""function"": {""name"": ""displacement"", ""parameters"": {""type"": ""object"", ""properties"": {""initial_velocity"": {""type"": ""number"", ""description"": ""The initial velocity of the object.""}, ""acceleration"": {""type"": ""number"", ""description"": ""The acceleration of the object.""}, ""time"": {""type"": ""number"", ""description"": ""The time elapsed.""}}, ""required"": [""initial_velocity"", ""acceleration"", ""time""], ""additionalProperties"": false}}}, {""type"": ""function"", ""function"": {""name"": ""binomial_probability"", ""parameters"": {""type"": ""object"", ""properties"": {""n"": {""type"": ""integer"", ""description"": ""The total number of trials.""}, ""k"": {""type"": ""integer"", ""description"": ""The number of successes.""}, ""p"": {""type"": ""number"", ""description"": ""The probability of success in each trial.""}}, ""required"": [""n"", ""k"", ""p""], ""additionalProperties"": false}}}, {""type"": ""function"", ""function"": {""name"": ""light_travel_time"", ""parameters"": {""type"": ""object"", ""properties"": {""distance_in_light_years"": {""type"": ""integer"", ""description"": ""The distance between the two celestial bodies in light years."", ""default"": 299792458}, ""speed_of_light"": {""type"": ""integer"", ""description"": ""The speed of light in vacuum, in m/s. Default value is 299792458 m/s."", ""default"": 299792458}}, ""required"": [""distance_in_light_years"", ""speed_of_light""], ""additionalProperties"": false}}}]","{""name"": ""future_investment_value"", ""arguments"": {""present_value"": 20000, ""annual_interest_rate"": 0.06, ""years"": 15}}"
Can you list the repositories for the GitHub user 'pjhyett'?,"[{""type"": ""function"", ""function"": {""name"": ""search"", ""parameters"": {""type"": ""object"", ""properties"": {""user"": {""type"": ""string"", ""description"": ""The GitHub username whose public repositories are to be searched."", ""default"": ""samuk-a""}}, ""required"": [""user""], ""additionalProperties"": false}}}]","{""name"": ""search"", ""arguments"": {""user"": ""pjhyett""}}"
"Determine if the years 2000, 2004, and 2022 are leap years, and then find the DNA sequence for sequence ID 'NM_000520' in FASTA format with 100 upstream bases.","[{""type"": ""function"", ""function"": {""name"": ""is_leap_year"", ""parameters"": {""type"": ""object"", ""properties"": {""year"": {""type"": ""integer"", ""description"": ""The year to check.""}}, ""required"": [""year""], ""additionalProperties"": false}}}, {""type"": ""function"", ""function"": {""name"": ""get_dna_sequence"", ""parameters"": {""type"": ""object"", ""properties"": {""sequence_id"": {""type"": ""string"", ""description"": ""The unique identifier for the DNA sequence."", ""default"": ""fasta""}, ""file_format"": {""type"": ""string"", ""description"": ""The format of the returned sequence. Allowed values: \""fasta\"" (default) or \""gb\"".""}, ""upstream_bases"": {""type"": ""integer"", ""description"": ""The number of bases upstream of the sequence to include. Defaults to 0.""}}, ""required"": [""sequence_id""], ""additionalProperties"": false}}}, {""type"": ""function"", ""function"": {""name"": ""assess_diabetes_risk"", ""parameters"": {""type"": ""object"", ""properties"": {""weight_lbs"": {""type"": ""integer"", ""description"": ""Body weight in pounds.""}, ""height_inches"": {""type"": ""integer"", ""description"": ""Height in inches.""}, ""activity"": {""type"": ""string"", ""description"": ""Physical activity level. Allowed values: \""sedentary\"", \""lightly active\"", \""moderately active\"", or \""very active\"".""}}, ""required"": [""weight_lbs"", ""height_inches"", ""activity""], ""additionalProperties"": false}}}, {""type"": ""function"", ""function"": {""name"": ""predict_forest_area"", ""parameters"": {""type"": ""object"", ""properties"": {""location"": {""type"": ""string"", ""description"": ""The geographic location for the prediction.""}, ""num_years"": {""type"": ""integer"", ""description"": ""The number of years into the future to make the prediction.""}, ""include_humans"": {""type"": ""boolean"", ""description"": ""Whether to include the impact of human activities in the prediction. Defaults to False.""}}, ""required"": [""location"", ""num_years""], ""additionalProperties"": false}}}, {""type"": ""function"", ""function"": {""name"": ""get_pokemon_move_info"", ""parameters"": {""type"": ""object"", ""properties"": {""pokemon_name"": {""type"": ""string"", ""description"": ""The name of the Pokémon."", ""default"": ""run""}, ""move_name"": {""type"": ""string"", ""description"": ""The name of the move to check. Defaults to \""run\""."", ""default"": ""run""}}, ""required"": [""pokemon_name""], ""additionalProperties"": false}}}, {""type"": ""function"", ""function"": {""name"": ""get_city_from_zipcode"", ""parameters"": {""type"": ""object"", ""properties"": {""zipcode"": {""type"": ""string"", ""description"": ""The ZIP code to look up.""}}, ""required"": [""zipcode""], ""additionalProperties"": false}}}, {""type"": ""function"", ""function"": {""name"": ""structural_analysis"", ""parameters"": {""type"": ""object"", ""properties"": {""building_id"": {""type"": ""string"", ""description"": ""The unique identifier of the building."", ""default"": ""static""}, ""floor_numbers"": {""items"": {""type"": ""integer""}, ""type"": ""array"", ""description"": ""The list of floor numbers to be analyzed.""}, ""analysis_mode"": {""type"": ""string"", ""description"": ""The mode of analysis, either \""static\"" or \""dynamic\"". Defaults to \""static\"".""}}, ""required"": [""building_id"", ""floor_numbers""], ""additionalProperties"": false}}}, {""type"": ""function"", ""function"": {""name"": ""get_ip_location"", ""parameters"": {""type"": ""object"", ""properties"": {""ip"": {""type"": ""string"", ""description"": ""The IP address to locate.""}}, ""required"": [""ip""], ""additionalProperties"": false}}}]","{""name"": ""is_leap_year"", ""arguments"": {""year"": 2000}}"
What is the probability of rolling a sum of 7 with 2 six-sided dice?,"[{""type"": ""function"", ""function"": {""name"": ""dice_roll_probability"", ""parameters"": {""type"": ""object"", ""properties"": {""target_sum"": {""type"": ""integer"", ""description"": ""The target sum to calculate the probability for."", ""default"": 6}, ""num_dice"": {""type"": ""integer"", ""description"": ""The number of dice being rolled."", ""default"": 6}, ""num_faces"": {""type"": ""integer"", ""description"": ""The number of faces on each die. Defaults to 6.""}}, ""required"": [""target_sum"", ""num_dice""], ""additionalProperties"": false}}}, {""type"": ""function"", ""function"": {""name"": ""is_valid_palindrome"", ""parameters"": {""type"": ""object"", ""properties"": {""s"": {""type"": ""string"", ""description"": ""The input string.""}}, ""required"": [""s""], ""additionalProperties"": false}}}, {""type"": ""function"", ""function"": {""name"": ""polygon_area_shoelace"", ""parameters"": {""type"": ""object"", ""properties"": {""vertices"": {""items"": {""items"": {}, ""type"": ""array""}, ""type"": ""array"", ""description"": ""A list of polygon vertices represented as tuples (x, y).""}}, ""required"": [""vertices""], ""additionalProperties"": false}}}, {""type"": ""function"", ""function"": {""name"": ""bacterial_growth"", ""parameters"": {""type"": ""object"", ""properties"": {""initial_population"": {""type"": ""integer"", ""description"": ""The initial bacterial population."", ""default"": 20}, ""growth_rate"": {""type"": ""number"", ""description"": ""The growth rate per unit time.""}, ""time"": {""type"": ""number"", ""description"": ""The time elapsed.""}, ""doubling_time"": {""type"": ""number"", ""description"": ""The doubling time of the bacteria in minutes. Defaults to 20.""}}, ""required"": [""initial_population"", ""growth_rate"", ""time""], ""additionalProperties"": false}}}]","{""name"": ""dice_roll_probability"", ""arguments"": {""target_sum"": 7, ""num_dice"": 2}}"
"What is the majority element in the list [1, 2, 3, 4, 5, 5, 5, 6, 7, 8, 9]?","[{""type"": ""function"", ""function"": {""name"": ""find_majority_element"", ""parameters"": {""type"": ""object"", ""properties"": {""nums"": {""items"": {""type"": ""integer""}, ""type"": ""array"", ""description"": ""The input list of integers.""}}, ""required"": [""nums""], ""additionalProperties"": false}}}, {""type"": ""function"", ""function"": {""name"": ""find_missing_ranges"", ""parameters"": {""type"": ""object"", ""properties"": {""nums"": {""items"": {""type"": ""integer""}, ""type"": ""array"", ""description"": ""The sorted list of integers.""}, ""lower"": {""type"": ""integer"", ""description"": ""The lower bound.""}, ""upper"": {""type"": ""integer"", ""description"": ""The upper bound.""}}, ""required"": [""nums"", ""lower"", ""upper""], ""additionalProperties"": false}}}, {""type"": ""function"", ""function"": {""name"": ""find_duplicate_number"", ""parameters"": {""type"": ""object"", ""properties"": {""nums"": {""items"": {""type"": ""integer""}, ""type"": ""array"", ""description"": ""The list of integers.""}}, ""required"": [""nums""], ""additionalProperties"": false}}}]","{""name"": ""find_majority_element"", ""arguments"": {""nums"": [1, 2, 3, 4, 5, 5, 5, 6, 7, 8, 9]}}"
