id,query,tools,pred_tool,pred_args,raw_output
0,Determine if the numbers 1741725 and 42108183 are sums of the cubes of their digits.,"[{""name"": ""is_sum_of_cubes"", ""description"": ""Checks if a number is the sum of the cubes of its digits."", ""parameters"": {""num"": {""description"": ""The number to check."", ""type"": ""int""}}}]",is_sum_of_cubes,{},"{""rule_log"": {""select"": {""candidates"": [{""tool"": ""is_sum_of_cubes"", ""bm25"": 5.749999997919897, ""arg_overlap"": 0, ""lambda"": 0.2, ""total"": 5.749999997919897}], ""chosen"": {""tool"": ""is_sum_of_cubes"", ""bm25"": 5.749999997919897, ""arg_overlap"": 0, ""lambda"": 0.2, ""total"": 5.749999997919897}}, ""fill"": {""per_arg"": []}}}"
1,"What is the ascending order of these numbers: [15, 5, 20, 10, 25, 15, 30, 20]? Please sort them.","[{""name"": ""sort_numbers"", ""description"": ""Sorts a list of numbers in ascending or descending order."", ""parameters"": {""numbers"": {""description"": ""The list of numbers to be sorted."", ""type"": ""List[float]""}, ""descending"": {""description"": ""If True, sorts the numbers in descending order. Defaults to False."", ""type"": ""bool, optional""}}}]",sort_numbers,{},"{""rule_log"": {""select"": {""candidates"": [{""tool"": ""sort_numbers"", ""bm25"": 3.999999998330578, ""arg_overlap"": 0, ""lambda"": 0.2, ""total"": 3.999999998330578}], ""chosen"": {""tool"": ""sort_numbers"", ""bm25"": 3.999999998330578, ""arg_overlap"": 0, ""lambda"": 0.2, ""total"": 3.999999998330578}}, ""fill"": {""per_arg"": []}}}"
2,"Find the 3 largest numbers from the list [15, 8, 22, 36, 10, 45, 30].","[{""name"": ""convert_cooking_measurements"", ""description"": ""Converts a quantity of a cooking ingredient from one measurement unit to another."", ""parameters"": {""quantity"": {""description"": ""The quantity of the item to convert."", ""type"": ""float""}, ""from_unit"": {""description"": ""The unit of the input quantity (e.g., 'cup', 'gram')."", ""type"": ""str""}, ""to_unit"": {""description"": ""The unit to which the quantity should be converted (e.g., 'ounce', 'kilogram')."", ""type"": ""str""}, ""item"": {""description"": ""The cooking ingredient being converted (e.g., 'flour', 'sugar')."", ""type"": ""str""}}}, {""name"": ""find_n_largest_numbers"", ""description"": ""Finds the n largest numbers in a list."", ""parameters"": {""nums"": {""description"": ""The list of numbers."", ""type"": ""List[int]""}, ""n"": {""description"": ""The number of largest numbers to find."", ""type"": ""int""}}}, {""name"": ""create_histogram"", ""description"": ""Create a histogram based on provided data."", ""parameters"": {""data"": {""description"": ""The data for which histogram needs to be plotted."", ""type"": ""list"", ""default"": 10}, ""bins"": {""description"": ""The number of equal-width bins in the range. Default is 10."", ""type"": ""int"", ""default"": 10}}}]",find_n_largest_numbers,{},"{""rule_log"": {""select"": {""candidates"": [{""tool"": ""convert_cooking_measurements"", ""bm25"": 1.4785228895488172, ""arg_overlap"": 0, ""lambda"": 0.2, ""total"": 1.4785228895488172}, {""tool"": ""find_n_largest_numbers"", ""bm25"": 7.15000852402348, ""arg_overlap"": 0, ""lambda"": 0.2, ""total"": 7.15000852402348}, {""tool"": ""create_histogram"", ""bm25"": 0.0, ""arg_overlap"": 0, ""lambda"": 0.2, ""total"": 0.0}], ""chosen"": {""tool"": ""find_n_largest_numbers"", ""bm25"": 7.15000852402348, ""arg_overlap"": 0, ""lambda"": 0.2, ""total"": 7.15000852402348}}, ""fill"": {""per_arg"": []}}}"
3,Is 123.456.789.0 a valid IP address?,"[{""name"": ""is_valid_ip_address"", ""description"": ""Checks if a string is a valid IP address (IPv4)."", ""parameters"": {""ip"": {""description"": ""The string to check."", ""type"": ""str""}}}]",is_valid_ip_address,{},"{""rule_log"": {""select"": {""candidates"": [{""tool"": ""is_valid_ip_address"", ""bm25"": 5.374999997936047, ""arg_overlap"": 0, ""lambda"": 0.2, ""total"": 5.374999997936047}], ""chosen"": {""tool"": ""is_valid_ip_address"", ""bm25"": 5.374999997936047, ""arg_overlap"": 0, ""lambda"": 0.2, ""total"": 5.374999997936047}}, ""fill"": {""per_arg"": []}}}"
4,"Compute the sum of '1010' and '1101' in binary, and find the 5 largest numbers in [1, 2, 3, 4, 5, 6, 7, 8, 9, 10].","[{""name"": ""binary_addition"", ""description"": ""Adds two binary numbers and returns the result as a binary string."", ""parameters"": {""a"": {""description"": ""The first binary number."", ""type"": ""str""}, ""b"": {""description"": ""The second binary number."", ""type"": ""str""}}}, {""name"": ""find_n_largest_numbers"", ""description"": ""Finds the n largest numbers in a list."", ""parameters"": {""nums"": {""description"": ""The list of numbers."", ""type"": ""List[int]""}, ""n"": {""description"": ""The number of largest numbers to find."", ""type"": ""int""}}}]",find_n_largest_numbers,{},"{""rule_log"": {""select"": {""candidates"": [{""tool"": ""binary_addition"", ""bm25"": 5.008202440959533, ""arg_overlap"": 0, ""lambda"": 0.2, ""total"": 5.008202440959533}, {""tool"": ""find_n_largest_numbers"", ""bm25"": 5.197522820495076, ""arg_overlap"": 0, ""lambda"": 0.2, ""total"": 5.197522820495076}], ""chosen"": {""tool"": ""find_n_largest_numbers"", ""bm25"": 5.197522820495076, ""arg_overlap"": 0, ""lambda"": 0.2, ""total"": 5.197522820495076}}, ""fill"": {""per_arg"": []}}}"
5,"Perform a Chi-Square test for independence on a contingency table [[30, 20], [15, 35]] with a significance level of 0.01.","[{""name"": ""find_longest_palindromic_substring"", ""description"": ""Finds the longest palindromic substring in a string."", ""parameters"": {""s"": {""description"": ""The input string."", ""type"": ""str""}}}, {""name"": ""find_pairs_with_sum"", ""description"": ""Finds all pairs of integers in a list that sum up to a target value."", ""parameters"": {""nums"": {""description"": ""The list of integers."", ""type"": ""List[int]""}, ""target"": {""description"": ""The target sum value."", ""type"": ""int""}}}, {""name"": ""chi_square_independence_test"", ""description"": ""Performs a Chi-Square test for independence on a 2x2 contingency table."", ""parameters"": {""contingency_table"": {""description"": ""A 2x2 contingency table represented as a list of lists."", ""type"": ""List[List[int]]"", ""default"": 0.05}, ""significance_level"": {""description"": ""The significance level for the Chi-Square test. Defaults to 0.05."", ""type"": ""float, optional"", ""default"": 0.05}}}, {""name"": ""expand_around_center"", ""description"": ""Helper function to expand around a center for finding palindromic substrings."", ""parameters"": {""s"": {""description"": ""The input string."", ""type"": ""str""}, ""left"": {""description"": ""The left index of the center."", ""type"": ""int""}, ""right"": {""description"": ""The right index of the center."", ""type"": ""int""}}}, {""name"": ""probability_of_consecutive_rolls"", ""description"": ""Calculates the probability of rolling a specific value on a die consecutively for a given number of rolls."", ""parameters"": {""target_value"": {""description"": ""The desired value to be rolled."", ""type"": ""int"", ""default"": 6}, ""num_rolls"": {""description"": ""The number of consecutive rolls."", ""type"": ""int"", ""default"": 6}, ""num_sides"": {""description"": ""The number of sides on the die. Defaults to 6."", ""type"": ""int, optional""}}}, {""name"": ""fibonacci_numbers"", ""description"": ""Generates the first n Fibonacci numbers."", ""parameters"": {""n"": {""description"": ""The number of Fibonacci numbers to generate."", ""type"": ""int""}}}]",chi_square_independence_test,{},"{""rule_log"": {""select"": {""candidates"": [{""tool"": ""find_longest_palindromic_substring"", ""bm25"": 1.3091858451332608, ""arg_overlap"": 0, ""lambda"": 0.2, ""total"": 1.3091858451332608}, {""tool"": ""find_pairs_with_sum"", ""bm25"": 3.145350534389678, ""arg_overlap"": 0, ""lambda"": 0.2, ""total"": 3.145350534389678}, {""tool"": ""chi_square_independence_test"", ""bm25"": 18.318539154456147, ""arg_overlap"": 0, ""lambda"": 0.2, ""total"": 18.318539154456147}, {""tool"": ""expand_around_center"", ""bm25"": 2.773482599103448, ""arg_overlap"": 0, ""lambda"": 0.2, ""total"": 2.773482599103448}, {""tool"": ""probability_of_consecutive_rolls"", ""bm25"": 6.693410104724751, ""arg_overlap"": 0, ""lambda"": 0.2, ""total"": 6.693410104724751}, {""tool"": ""fibonacci_numbers"", ""bm25"": 0.0, ""arg_overlap"": 0, ""lambda"": 0.2, ""total"": 0.0}], ""chosen"": {""tool"": ""chi_square_independence_test"", ""bm25"": 18.318539154456147, ""arg_overlap"": 0, ""lambda"": 0.2, ""total"": 18.318539154456147}}, ""fill"": {""per_arg"": []}}}"
6,"Compute the standard deviation for the dataset [7.1, 14.2, 21.3, 28.4, 35.5] and determine the number of permutations when selecting 5 items from a set of 11.","[{""name"": ""std_deviation"", ""description"": ""Calculates the standard deviation of a list of numbers."", ""parameters"": {""numbers"": {""description"": ""The list of numbers."", ""type"": ""List[float]""}}}, {""name"": ""permutation_count"", ""description"": ""Calculates the number of permutations of k elements from a set of n elements."", ""parameters"": {""n"": {""description"": ""The total number of elements in the set."", ""type"": ""int""}, ""k"": {""description"": ""The number of elements to choose for the permutation."", ""type"": ""int""}}}]",permutation_count,{},"{""rule_log"": {""select"": {""candidates"": [{""tool"": ""std_deviation"", ""bm25"": 6.696580607641389, ""arg_overlap"": 0, ""lambda"": 0.2, ""total"": 6.696580607641389}, {""tool"": ""permutation_count"", ""bm25"": 8.552266518500051, ""arg_overlap"": 0, ""lambda"": 0.2, ""total"": 8.552266518500051}], ""chosen"": {""tool"": ""permutation_count"", ""bm25"": 8.552266518500051, ""arg_overlap"": 0, ""lambda"": 0.2, ""total"": 8.552266518500051}}, ""fill"": {""per_arg"": []}}}"
7,Check if the number 'two hundred and fifty-six' is a power of two.,"[{""name"": ""is_power_of_two"", ""description"": ""Checks if a number is a power of two."", ""parameters"": {""num"": {""description"": ""The number to check."", ""type"": ""int""}}}, {""name"": ""dice_roll_probability"", ""description"": ""Calculates the probability of rolling a specific sum with a given number of dice, each having a certain number of faces."", ""parameters"": {""target_sum"": {""description"": ""The target sum to calculate the probability for."", ""type"": ""int"", ""default"": 6}, ""num_dice"": {""description"": ""The number of dice being rolled."", ""type"": ""int"", ""default"": 6}, ""num_faces"": {""description"": ""The number of faces on each die. Defaults to 6."", ""type"": ""int, optional""}}}, {""name"": ""mean_confidence_interval"", ""description"": ""Calculates the confidence interval for a sample mean."", ""parameters"": {""std_dev"": {""description"": ""The standard deviation of the sample."", ""type"": ""float"", ""default"": 0.95}, ""sample_size"": {""description"": ""The size of the sample."", ""type"": ""int"", ""default"": 0.95}, ""mean"": {""description"": ""The mean of the sample."", ""type"": ""float""}, ""confidence"": {""description"": ""The desired confidence level. Default is 0.95."", ""type"": ""float, optional""}}}]",is_power_of_two,{},"{""rule_log"": {""select"": {""candidates"": [{""tool"": ""is_power_of_two"", ""bm25"": 11.987661965567582, ""arg_overlap"": 0, ""lambda"": 0.2, ""total"": 11.987661965567582}, {""tool"": ""dice_roll_probability"", ""bm25"": 5.7214648260361844, ""arg_overlap"": 0, ""lambda"": 0.2, ""total"": 5.7214648260361844}, {""tool"": ""mean_confidence_interval"", ""bm25"": 2.6591356034903884, ""arg_overlap"": 0, ""lambda"": 0.2, ""total"": 2.6591356034903884}], ""chosen"": {""tool"": ""is_power_of_two"", ""bm25"": 11.987661965567582, ""arg_overlap"": 0, ""lambda"": 0.2, ""total"": 11.987661965567582}}, ""fill"": {""per_arg"": []}}}"
8,Simulate querying a database for users who are active and have a role of 'admin' in the 'users' table.,"[{""name"": ""simulate_query_database"", ""description"": ""Simulates querying a database based on certain conditions."", ""parameters"": {""table"": {""description"": ""Name of the table to query."", ""type"": ""str""}, ""conditions"": {""description"": ""Conditions for the query, each condition is a dictionary."", ""type"": ""list""}}}, {""name"": ""is_leap_year"", ""description"": ""Checks if a year is a leap year."", ""parameters"": {""year"": {""description"": ""The year to check."", ""type"": ""int""}}}, {""name"": ""get_ip_location"", ""description"": ""Retrieves the latitude and longitude coordinates of a given IP address using the ip-api.com API."", ""parameters"": {""ip"": {""description"": ""The IP address to locate."", ""type"": ""str""}}}]",get_ip_location,{},"{""rule_log"": {""select"": {""candidates"": [{""tool"": ""simulate_query_database"", ""bm25"": 4.885998779672201, ""arg_overlap"": 0, ""lambda"": 0.2, ""total"": 4.885998779672201}, {""tool"": ""is_leap_year"", ""bm25"": 1.4789915961694797, ""arg_overlap"": 0, ""lambda"": 0.2, ""total"": 1.4789915961694797}, {""tool"": ""get_ip_location"", ""bm25"": 5.682506056192851, ""arg_overlap"": 0, ""lambda"": 0.2, ""total"": 5.682506056192851}], ""chosen"": {""tool"": ""get_ip_location"", ""bm25"": 5.682506056192851, ""arg_overlap"": 0, ""lambda"": 0.2, ""total"": 5.682506056192851}}, ""fill"": {""per_arg"": []}}}"
9,What city is associated with the ZIP code 10001?,"[{""name"": ""get_city_from_zipcode"", ""description"": ""Retrieves the city name for a given ZIP code using the Ziptastic API."", ""parameters"": {""zipcode"": {""description"": ""The ZIP code to look up."", ""type"": ""str""}}}, {""name"": ""calculate_calorie_intake"", ""description"": ""Calculates the recommended daily calorie intake and macronutrient distribution based on personal characteristics and goals."", ""parameters"": {""weight_kg"": {""description"": ""Body weight in kilograms."", ""type"": ""float""}, ""height_cm"": {""description"": ""Height in centimeters."", ""type"": ""float""}, ""age"": {""description"": ""Age in years."", ""type"": ""int""}, ""sex"": {""description"": ""Biological sex, either 'male' or 'female'."", ""type"": ""str""}, ""activity_level"": {""description"": ""Activity level on a scale of 1 to 5 (1 = sedentary, 5 = extremely active)."", ""type"": ""int""}, ""goal"": {""description"": ""Fitness goal, either 'lose', 'maintain', or 'gain'."", ""type"": ""str""}}}]",get_city_from_zipcode,{},"{""rule_log"": {""select"": {""candidates"": [{""tool"": ""get_city_from_zipcode"", ""bm25"": 5.7358858986776475, ""arg_overlap"": 0, ""lambda"": 0.2, ""total"": 5.7358858986776475}, {""tool"": ""calculate_calorie_intake"", ""bm25"": 0.9734513270304643, ""arg_overlap"": 0, ""lambda"": 0.2, ""total"": 0.9734513270304643}], ""chosen"": {""tool"": ""get_city_from_zipcode"", ""bm25"": 5.7358858986776475, ""arg_overlap"": 0, ""lambda"": 0.2, ""total"": 5.7358858986776475}}, ""fill"": {""per_arg"": []}}}"
10,"Calculate the quarterly dividend per share for a company with a total dividend of $100,000 and 5000 outstanding shares.","[{""name"": ""triangle_area"", ""description"": ""Computes the area of a triangle given its base and height."", ""parameters"": {""base"": {""description"": ""The length of the base of the triangle."", ""type"": ""float""}, ""height"": {""description"": ""The height of the triangle."", ""type"": ""float""}}}, {""name"": ""calculate_quarterly_dividend"", ""description"": ""Calculates the quarterly dividend per share based on the total dividend payout and the number of outstanding shares."", ""parameters"": {""total_dividend"": {""description"": ""The total dividend payout in USD."", ""type"": ""int""}, ""num_shares"": {""description"": ""The number of outstanding shares."", ""type"": ""int""}}}, {""name"": ""bacterial_growth"", ""description"": ""Calculates the bacterial population after a given time based on the initial population and growth rate."", ""parameters"": {""initial_population"": {""description"": ""The initial bacterial population."", ""type"": ""int"", ""default"": 20}, ""growth_rate"": {""description"": ""The growth rate per unit time."", ""type"": ""float"", ""default"": 20}, ""time"": {""description"": ""The time elapsed."", ""type"": ""float""}, ""doubling_time"": {""description"": ""The doubling time of the bacteria in minutes. Defaults to 20."", ""type"": ""float, optional""}}}, {""name"": ""is_valid_sudoku"", ""description"": ""Checks if a 9x9 Sudoku board is valid."", ""parameters"": {""board"": {""description"": ""The Sudoku board represented as a 2D list of strings."", ""type"": ""List[List[str]]""}}}]",calculate_quarterly_dividend,{},"{""rule_log"": {""select"": {""candidates"": [{""tool"": ""triangle_area"", ""bm25"": 5.5379721818055, ""arg_overlap"": 0, ""lambda"": 0.2, ""total"": 5.5379721818055}, {""tool"": ""calculate_quarterly_dividend"", ""bm25"": 16.726903013828487, ""arg_overlap"": 0, ""lambda"": 0.2, ""total"": 16.726903013828487}, {""tool"": ""bacterial_growth"", ""bm25"": 3.8625291874725733, ""arg_overlap"": 0, ""lambda"": 0.2, ""total"": 3.8625291874725733}, {""tool"": ""is_valid_sudoku"", ""bm25"": 1.440208462497508, ""arg_overlap"": 0, ""lambda"": 0.2, ""total"": 1.440208462497508}], ""chosen"": {""tool"": ""calculate_quarterly_dividend"", ""bm25"": 16.726903013828487, ""arg_overlap"": 0, ""lambda"": 0.2, ""total"": 16.726903013828487}}, ""fill"": {""per_arg"": []}}}"
11,"Calculate the CAGR for a real estate investment that began at $200,000 and ended at $250,000 after 3 years.","[{""name"": ""cagr"", ""description"": ""Calculates the Compound Annual Growth Rate (CAGR) of an investment."", ""parameters"": {""start_value"": {""description"": ""The initial value of the investment."", ""type"": ""float""}, ""end_value"": {""description"": ""The final value of the investment."", ""type"": ""float""}, ""years"": {""description"": ""The number of years between the initial and final values."", ""type"": ""int""}}}, {""name"": ""calculate_angle"", ""description"": ""Calculates the angle between the hour and minute hands of a clock."", ""parameters"": {""hour"": {""description"": ""The hour value (1-12)."", ""type"": ""int""}, ""minute"": {""description"": ""The minute value (0-59)."", ""type"": ""int""}}}]",cagr,{},"{""rule_log"": {""select"": {""candidates"": [{""tool"": ""cagr"", ""bm25"": 4.469258747164849, ""arg_overlap"": 0, ""lambda"": 0.2, ""total"": 4.469258747164849}, {""tool"": ""calculate_angle"", ""bm25"": 4.061773636017315, ""arg_overlap"": 0, ""lambda"": 0.2, ""total"": 4.061773636017315}], ""chosen"": {""tool"": ""cagr"", ""bm25"": 4.469258747164849, ""arg_overlap"": 0, ""lambda"": 0.2, ""total"": 4.469258747164849}}, ""fill"": {""per_arg"": []}}}"
12,"Determine the median of the list [100, 200, 300, 400, 500, 600, 700, 800].","[{""name"": ""calculate_median"", ""description"": ""Calculates the median of a list of numbers."", ""parameters"": {""numbers"": {""description"": ""The list of numbers."", ""type"": ""List[Union[int, float]]""}}}]",calculate_median,{},"{""rule_log"": {""select"": {""candidates"": [{""tool"": ""calculate_median"", ""bm25"": 4.374999998386008, ""arg_overlap"": 0, ""lambda"": 0.2, ""total"": 4.374999998386008}], ""chosen"": {""tool"": ""calculate_median"", ""bm25"": 4.374999998386008, ""arg_overlap"": 0, ""lambda"": 0.2, ""total"": 4.374999998386008}}, ""fill"": {""per_arg"": []}}}"
13,"Determine the distance between the points (-1,-1) and (1,1).","[{""name"": ""polygon_area_shoelace"", ""description"": ""Calculates the area of a polygon using the shoelace formula."", ""parameters"": {""vertices"": {""description"": ""A list of polygon vertices represented as tuples (x, y)."", ""type"": ""List[Tuple[float, float]]""}}}, {""name"": ""euclidean_distance"", ""description"": ""Computes the Euclidean distance between two points in a 2D plane."", ""parameters"": {""point_a"": {""description"": ""The coordinates of the first point (x, y)."", ""type"": ""Tuple[float, float]""}, ""point_b"": {""description"": ""The coordinates of the second point (x, y)."", ""type"": ""Tuple[float, float]""}}}]",euclidean_distance,{},"{""rule_log"": {""select"": {""candidates"": [{""tool"": ""polygon_area_shoelace"", ""bm25"": 1.3920220078456698, ""arg_overlap"": 0, ""lambda"": 0.2, ""total"": 1.3920220078456698}, {""tool"": ""euclidean_distance"", ""bm25"": 5.125235015583797, ""arg_overlap"": 0, ""lambda"": 0.2, ""total"": 5.125235015583797}], ""chosen"": {""tool"": ""euclidean_distance"", ""bm25"": 5.125235015583797, ""arg_overlap"": 0, ""lambda"": 0.2, ""total"": 5.125235015583797}}, ""fill"": {""per_arg"": []}}}"
14,Determine the total alimony for a payor with a monthly income of $9500 and a recipient with $3800 over 5 years.,"[{""name"": ""california_alimony"", ""description"": ""Calculates the total alimony one spouse would have to pay to the other in California over a given duration."", ""parameters"": {""payor_monthly_income"": {""description"": ""The monthly gross income of the payor spouse."", ""type"": ""int""}, ""recipient_monthly_income"": {""description"": ""The monthly gross income of the recipient spouse."", ""type"": ""int""}, ""duration_years"": {""description"": ""The duration of the alimony in years."", ""type"": ""int""}}}, {""name"": ""calculate_distance"", ""description"": ""Calculates the Euclidean distance between two points in n-dimensional space."", ""parameters"": {""point1"": {""description"": ""The coordinates of the first point."", ""type"": ""List[float]""}, ""point2"": {""description"": ""The coordinates of the second point."", ""type"": ""List[float]""}}}]",california_alimony,{},"{""rule_log"": {""select"": {""candidates"": [{""tool"": ""california_alimony"", ""bm25"": 6.38491604656407, ""arg_overlap"": 0, ""lambda"": 0.2, ""total"": 6.38491604656407}, {""tool"": ""calculate_distance"", ""bm25"": 1.1139240500926935, ""arg_overlap"": 0, ""lambda"": 0.2, ""total"": 1.1139240500926935}], ""chosen"": {""tool"": ""california_alimony"", ""bm25"": 6.38491604656407, ""arg_overlap"": 0, ""lambda"": 0.2, ""total"": 6.38491604656407}}, ""fill"": {""per_arg"": []}}}"
15,Estimate the derivative of the function f(x) = x^2 at x = 3 using numerical methods.,"[{""name"": ""cell_density"", ""description"": ""Calculates the cell density based on the optical density (OD) and dilution factor."", ""parameters"": {""od"": {""description"": ""The optical density of the sample."", ""type"": ""float"", ""default"": 1000000000.0}, ""dilution"": {""description"": ""The dilution factor applied to the sample."", ""type"": ""int"", ""default"": 1000000000.0}, ""factor"": {""description"": ""The calibration factor for converting OD to cell density. Defaults to 1e9."", ""type"": ""float, optional""}}}, {""name"": ""numerical_derivative"", ""description"": ""Estimates the derivative of a function at a given point using the central difference formula."", ""parameters"": {""function"": {""description"": ""The function to calculate the derivative of."", ""type"": ""Callable[[float], float]""}, ""x"": {""description"": ""The point at which to estimate the derivative."", ""type"": ""float""}}}, {""name"": ""batting_average"", ""description"": ""Calculates the batting average of a baseball player based on the number of hits and at-bats."", ""parameters"": {""num_hits"": {""description"": ""The number of hits."", ""type"": ""int"", ""default"": 3}, ""num_at_bats"": {""description"": ""The number of at-bats."", ""type"": ""int"", ""default"": 3}, ""precision"": {""description"": ""The number of decimal places to round the batting average. Defaults to 3."", ""type"": ""int, optional""}}}]",numerical_derivative,{},"{""rule_log"": {""select"": {""candidates"": [{""tool"": ""cell_density"", ""bm25"": 1.4251012141360457, ""arg_overlap"": 0, ""lambda"": 0.2, ""total"": 1.4251012141360457}, {""tool"": ""numerical_derivative"", ""bm25"": 9.029805682894143, ""arg_overlap"": 0, ""lambda"": 0.2, ""total"": 9.029805682894143}, {""tool"": ""batting_average"", ""bm25"": 4.263770491601354, ""arg_overlap"": 0, ""lambda"": 0.2, ""total"": 4.263770491601354}], ""chosen"": {""tool"": ""numerical_derivative"", ""bm25"": 9.029805682894143, ""arg_overlap"": 0, ""lambda"": 0.2, ""total"": 9.029805682894143}}, ""fill"": {""per_arg"": []}}}"
16,"Predict the y-value for x=7 using a linear regression model trained on points (4,4), (5,5), (6,6).","[{""name"": ""cosine_similarity"", ""description"": ""Calculates the cosine similarity between two vectors."", ""parameters"": {""vector_a"": {""description"": ""The first vector."", ""type"": ""List[float]""}, ""vector_b"": {""description"": ""The second vector."", ""type"": ""List[float]""}}}, {""name"": ""linear_regression_prediction"", ""description"": ""Predicts the y-value for a given x-value using linear regression."", ""parameters"": {""x_values"": {""description"": ""The x-coordinates of the data points."", ""type"": ""List[float]""}, ""y_values"": {""description"": ""The y-coordinates of the data points."", ""type"": ""List[float]""}, ""target_x"": {""description"": ""The x-value for which to predict the y-value."", ""type"": ""float""}}}, {""name"": ""polygon_area_shoelace"", ""description"": ""Calculates the area of a polygon using the shoelace formula."", ""parameters"": {""vertices"": {""description"": ""A list of polygon vertices represented as tuples (x, y)."", ""type"": ""List[Tuple[float, float]]""}}}, {""name"": ""is_perfect_square"", ""description"": ""Checks if a number is a perfect square."", ""parameters"": {""num"": {""description"": ""The number to check."", ""type"": ""int""}}}]",linear_regression_prediction,{},"{""rule_log"": {""select"": {""candidates"": [{""tool"": ""cosine_similarity"", ""bm25"": 1.3438191020367958, ""arg_overlap"": 0, ""lambda"": 0.2, ""total"": 1.3438191020367958}, {""tool"": ""linear_regression_prediction"", ""bm25"": 14.649614559246524, ""arg_overlap"": 0, ""lambda"": 0.2, ""total"": 14.649614559246524}, {""tool"": ""polygon_area_shoelace"", ""bm25"": 4.302420044516789, ""arg_overlap"": 0, ""lambda"": 0.2, ""total"": 4.302420044516789}, {""tool"": ""is_perfect_square"", ""bm25"": 1.741555616347156, ""arg_overlap"": 0, ""lambda"": 0.2, ""total"": 1.741555616347156}], ""chosen"": {""tool"": ""linear_regression_prediction"", ""bm25"": 14.649614559246524, ""arg_overlap"": 0, ""lambda"": 0.2, ""total"": 14.649614559246524}}, ""fill"": {""per_arg"": []}}}"
17,"Compute the distance between two points in a 5D space. The first point is located at (1, 2, 3, 4, 5) and the second point is at (6, 7, 8, 9, 10).","[{""name"": ""calculate_distance"", ""description"": ""Calculates the Euclidean distance between two points in n-dimensional space."", ""parameters"": {""point1"": {""description"": ""The coordinates of the first point."", ""type"": ""List[float]""}, ""point2"": {""description"": ""The coordinates of the second point."", ""type"": ""List[float]""}}}]",calculate_distance,{},"{""rule_log"": {""select"": {""candidates"": [{""tool"": ""calculate_distance"", ""bm25"": 6.999999997056818, ""arg_overlap"": 0, ""lambda"": 0.2, ""total"": 6.999999997056818}], ""chosen"": {""tool"": ""calculate_distance"", ""bm25"": 6.999999997056818, ""arg_overlap"": 0, ""lambda"": 0.2, ""total"": 6.999999997056818}}, ""fill"": {""per_arg"": []}}}"
18,"What is the final velocity of an object that starts at 10 m/s and accelerates at 5 m/s² for 3 seconds? Also, is 169 a perfect square?","[{""name"": ""find_n_largest_numbers"", ""description"": ""Finds the n largest numbers in a list."", ""parameters"": {""nums"": {""description"": ""The list of numbers."", ""type"": ""List[int]""}, ""n"": {""description"": ""The number of largest numbers to find."", ""type"": ""int""}}}, {""name"": ""final_velocity"", ""description"": ""Calculates the final velocity of an object given its initial velocity, acceleration, and time."", ""parameters"": {""initial_velocity"": {""description"": ""The initial velocity of the object."", ""type"": ""float""}, ""acceleration"": {""description"": ""The acceleration of the object."", ""type"": ""float""}, ""time"": {""description"": ""The time elapsed."", ""type"": ""float""}}}, {""name"": ""sort_numbers"", ""description"": ""Sorts a list of numbers in ascending or descending order."", ""parameters"": {""numbers"": {""description"": ""The list of numbers to be sorted."", ""type"": ""List[float]""}, ""descending"": {""description"": ""If True, sorts the numbers in descending order. Defaults to False."", ""type"": ""bool, optional""}}}, {""name"": ""is_perfect_square"", ""description"": ""Checks if a number is a perfect square."", ""parameters"": {""num"": {""description"": ""The number to check."", ""type"": ""int""}}}]",final_velocity,{},"{""rule_log"": {""select"": {""candidates"": [{""tool"": ""find_n_largest_numbers"", ""bm25"": 2.9536631252957823, ""arg_overlap"": 0, ""lambda"": 0.2, ""total"": 2.9536631252957823}, {""tool"": ""final_velocity"", ""bm25"": 11.693334698471446, ""arg_overlap"": 0, ""lambda"": 0.2, ""total"": 11.693334698471446}, {""tool"": ""sort_numbers"", ""bm25"": 2.7339691739391636, ""arg_overlap"": 0, ""lambda"": 0.2, ""total"": 2.7339691739391636}, {""tool"": ""is_perfect_square"", ""bm25"": 7.983294653996383, ""arg_overlap"": 0, ""lambda"": 0.2, ""total"": 7.983294653996383}], ""chosen"": {""tool"": ""final_velocity"", ""bm25"": 11.693334698471446, ""arg_overlap"": 0, ""lambda"": 0.2, ""total"": 11.693334698471446}}, ""fill"": {""per_arg"": []}}}"
19,"Log in 'dave' with 'davidson' and get case details for '98765'. Also, recommend for experiment '161718'.","[{""name"": ""loginuser"", ""description"": ""Logs in a user to the specified toolbench API by making a GET request to the login endpoint with the provided username and password."", ""parameters"": {""username"": {""description"": ""The username for login."", ""type"": ""str"", ""default"": """"}, ""password"": {""description"": ""The password for login in clear text."", ""type"": ""str"", ""default"": """"}}}, {""name"": ""get_case_by_id"", ""description"": ""Fetch the case payload from the Yardillo API using the given case ID."", ""parameters"": {""is_id"": {""description"": ""The ID of the case to fetch."", ""type"": ""str"", ""default"": ""611c0765e9308692195b8538""}}}, {""name"": ""read_user"", ""description"": ""Fetch user details from the IronWifi API using the provided user ID."", ""parameters"": {""user_id"": {""description"": ""The ID of the user to be fetched."", ""type"": ""str"", ""default"": """"}}}, {""name"": ""recommend"", ""description"": ""Fetches a recommendation for a given experiment ID using the Toolbench RapidAPI service."", ""parameters"": {""experiment_id"": {""description"": ""The ID of the experiment for which to fetch recommendations."", ""type"": ""int"", ""default"": ""12234""}}}]",loginuser,{},"{""rule_log"": {""select"": {""candidates"": [{""tool"": ""loginuser"", ""bm25"": 6.330953678550619, ""arg_overlap"": 0, ""lambda"": 0.2, ""total"": 6.330953678550619}, {""tool"": ""get_case_by_id"", ""bm25"": 2.752180160054488, ""arg_overlap"": 0, ""lambda"": 0.2, ""total"": 2.752180160054488}, {""tool"": ""read_user"", ""bm25"": 2.098381705396576, ""arg_overlap"": 0, ""lambda"": 0.2, ""total"": 2.098381705396576}, {""tool"": ""recommend"", ""bm25"": 6.128753615408259, ""arg_overlap"": 0, ""lambda"": 0.2, ""total"": 6.128753615408259}], ""chosen"": {""tool"": ""loginuser"", ""bm25"": 6.330953678550619, ""arg_overlap"": 0, ""lambda"": 0.2, ""total"": 6.330953678550619}}, ""fill"": {""per_arg"": []}}}"
20,Predict the evolution rate of a dolphin over 20 years using the Darwin model.,"[{""name"": ""assess_diabetes_risk"", ""description"": ""Assesses the risk of developing type 2 diabetes based on body mass index (BMI) and physical activity level."", ""parameters"": {""weight_lbs"": {""description"": ""Body weight in pounds."", ""type"": ""int""}, ""height_inches"": {""description"": ""Height in inches."", ""type"": ""int""}, ""activity"": {""description"": ""Physical activity level. Allowed values: \""sedentary\"", \""lightly active\"", \""moderately active\"", or \""very active\""."", ""type"": ""str""}}}, {""name"": ""predict_evolution_rate"", ""description"": ""Predict the evolutionary rate for a specific species for a given timeframe."", ""parameters"": {""species"": {""description"": ""The species that the evolution rate will be predicted for."", ""type"": ""str"", ""default"": ""Darwin""}, ""years"": {""description"": ""Number of years for the prediction."", ""type"": ""int"", ""default"": ""Darwin""}, ""model"": {""description"": ""The model used to make the prediction, options: 'Darwin', 'Lamarck', default is 'Darwin'."", ""type"": ""str""}}}]",predict_evolution_rate,{},"{""rule_log"": {""select"": {""candidates"": [{""tool"": ""assess_diabetes_risk"", ""bm25"": 2.234099519051438, ""arg_overlap"": 0, ""lambda"": 0.2, ""total"": 2.234099519051438}, {""tool"": ""predict_evolution_rate"", ""bm25"": 6.167628376467599, ""arg_overlap"": 0, ""lambda"": 0.2, ""total"": 6.167628376467599}], ""chosen"": {""tool"": ""predict_evolution_rate"", ""bm25"": 6.167628376467599, ""arg_overlap"": 0, ""lambda"": 0.2, ""total"": 6.167628376467599}}, ""fill"": {""per_arg"": []}}}"
21,"Find the next greater element for each number in [13, 7, 6, 12] and the pairs in [3, 4, 5, 6] that sum up to 7.","[{""name"": ""find_next_greater_element"", ""description"": ""Finds the next greater element for each element in a list."", ""parameters"": {""nums"": {""description"": ""The list of numbers."", ""type"": ""List[int]""}}}, {""name"": ""find_pairs_with_sum"", ""description"": ""Finds all pairs of integers in a list that sum up to a target value."", ""parameters"": {""nums"": {""description"": ""The list of integers."", ""type"": ""List[int]""}, ""target"": {""description"": ""The target sum value."", ""type"": ""int""}}}, {""name"": ""dice_roll_probability"", ""description"": ""Calculates the probability of rolling a specific sum with a given number of dice, each having a certain number of faces."", ""parameters"": {""target_sum"": {""description"": ""The target sum to calculate the probability for."", ""type"": ""int"", ""default"": 6}, ""num_dice"": {""description"": ""The number of dice being rolled."", ""type"": ""int"", ""default"": 6}, ""num_faces"": {""description"": ""The number of faces on each die. Defaults to 6."", ""type"": ""int, optional""}}}]",find_next_greater_element,{},"{""rule_log"": {""select"": {""candidates"": [{""tool"": ""find_next_greater_element"", ""bm25"": 12.626404162684928, ""arg_overlap"": 0, ""lambda"": 0.2, ""total"": 12.626404162684928}, {""tool"": ""find_pairs_with_sum"", ""bm25"": 9.503464093671234, ""arg_overlap"": 0, ""lambda"": 0.2, ""total"": 9.503464093671234}, {""tool"": ""dice_roll_probability"", ""bm25"": 5.55172767961943, ""arg_overlap"": 0, ""lambda"": 0.2, ""total"": 5.55172767961943}], ""chosen"": {""tool"": ""find_next_greater_element"", ""bm25"": 12.626404162684928, ""arg_overlap"": 0, ""lambda"": 0.2, ""total"": 12.626404162684928}}, ""fill"": {""per_arg"": []}}}"
22,"What is the recommended calorie intake for a 70kg, 180cm tall, 30-year-old male who is moderately active and wants to maintain weight? Also, get the city name from the ZIP code 90210.","[{""name"": ""get_dna_sequence"", ""description"": ""Retrieves the DNA sequence for a given sequence ID from the NCBI Nucleotide database."", ""parameters"": {""sequence_id"": {""description"": ""The unique identifier for the DNA sequence."", ""type"": ""str"", ""default"": ""fasta""}, ""file_format"": {""description"": ""The format of the returned sequence. Allowed values: \""fasta\"" (default) or \""gb\""."", ""type"": ""str, optional""}, ""upstream_bases"": {""description"": ""The number of bases upstream of the sequence to include. Defaults to 0."", ""type"": ""int, optional"", ""default"": ""fasta""}}}, {""name"": ""project_population"", ""description"": ""Projects the population size after a specified number of years."", ""parameters"": {""current_pop"": {""description"": ""The current population size."", ""type"": ""int"", ""default"": 1.2}, ""num_years"": {""description"": ""The number of years into the future to make the projection."", ""type"": ""int"", ""default"": 1.2}, ""annual_growth"": {""description"": ""The annual population growth rate as a percentage. Defaults to 1.2."", ""type"": ""float, optional""}}}, {""name"": ""calculate_calorie_intake"", ""description"": ""Calculates the recommended daily calorie intake and macronutrient distribution based on personal characteristics and goals."", ""parameters"": {""weight_kg"": {""description"": ""Body weight in kilograms."", ""type"": ""float""}, ""height_cm"": {""description"": ""Height in centimeters."", ""type"": ""float""}, ""age"": {""description"": ""Age in years."", ""type"": ""int""}, ""sex"": {""description"": ""Biological sex, either 'male' or 'female'."", ""type"": ""str""}, ""activity_level"": {""description"": ""Activity level on a scale of 1 to 5 (1 = sedentary, 5 = extremely active)."", ""type"": ""int""}, ""goal"": {""description"": ""Fitness goal, either 'lose', 'maintain', or 'gain'."", ""type"": ""str""}}}, {""name"": ""get_city_from_zipcode"", ""description"": ""Retrieves the city name for a given ZIP code using the Ziptastic API."", ""parameters"": {""zipcode"": {""description"": ""The ZIP code to look up."", ""type"": ""str""}}}, {""name"": ""geocode_city"", ""description"": ""Retrieves the latitude and longitude coordinates of a given city using the Maps.co Geocoding API."", ""parameters"": {""city"": {""description"": ""The name of the city."", ""type"": ""str""}}}]",get_city_from_zipcode,{},"{""rule_log"": {""select"": {""candidates"": [{""tool"": ""get_dna_sequence"", ""bm25"": 6.283435564919416, ""arg_overlap"": 0, ""lambda"": 0.2, ""total"": 6.283435564919416}, {""tool"": ""project_population"", ""bm25"": 2.427152644405513, ""arg_overlap"": 0, ""lambda"": 0.2, ""total"": 2.427152644405513}, {""tool"": ""calculate_calorie_intake"", ""bm25"": 9.287379653132781, ""arg_overlap"": 0, ""lambda"": 0.2, ""total"": 9.287379653132781}, {""tool"": ""get_city_from_zipcode"", ""bm25"": 12.44130711768392, ""arg_overlap"": 0, ""lambda"": 0.2, ""total"": 12.44130711768392}, {""tool"": ""geocode_city"", ""bm25"": 5.59498408710185, ""arg_overlap"": 0, ""lambda"": 0.2, ""total"": 5.59498408710185}], ""chosen"": {""tool"": ""get_city_from_zipcode"", ""bm25"": 12.44130711768392, ""arg_overlap"": 0, ""lambda"": 0.2, ""total"": 12.44130711768392}}, ""fill"": {""per_arg"": []}}}"
23,"I'm interested in the WHOIS report for 'travelguide.me'. Also, what are the download details for the video 'nopqrst' from the UK?","[{""name"": ""whois"", ""description"": ""Fetches the WHOIS details of a given domain using the Toolbench RapidAPI."", ""parameters"": {""domain"": {""description"": ""The domain name for which WHOIS information is to be fetched."", ""type"": ""str"", ""default"": ""rapidapi.com""}}}, {""name"": ""download_stream"", ""description"": ""Downloads or streams video information from YouTube using the provided RapidAPI key."", ""parameters"": {""is_id"": {""description"": ""YouTube Video ID to stream or download information."", ""type"": ""str"", ""default"": ""UxxajLWwzqY""}, ""cgeo"": {""description"": ""Country code in ISO 3166 format of the end user. Defaults to None."", ""type"": ""str, optional"", ""default"": """"}}}]",whois,{},"{""rule_log"": {""select"": {""candidates"": [{""tool"": ""whois"", ""bm25"": 4.712979630200229, ""arg_overlap"": 0, ""lambda"": 0.2, ""total"": 4.712979630200229}, {""tool"": ""download_stream"", ""bm25"": 3.810930214604012, ""arg_overlap"": 0, ""lambda"": 0.2, ""total"": 3.810930214604012}], ""chosen"": {""tool"": ""whois"", ""bm25"": 4.712979630200229, ""arg_overlap"": 0, ""lambda"": 0.2, ""total"": 4.712979630200229}}, ""fill"": {""per_arg"": []}}}"
24,"Calculate the final amount for an investment of $2000 at a 4.5% annual rate for 7 years, compounded quarterly.","[{""name"": ""compound_interest"", ""description"": ""Calculates the compound interest of an investment."", ""parameters"": {""principal"": {""description"": ""The initial investment amount."", ""type"": ""float"", ""default"": 1}, ""rate"": {""description"": ""The annual interest rate expressed as a decimal."", ""type"": ""float"", ""default"": 1}, ""time"": {""description"": ""The time in years for which the investment is held."", ""type"": ""float""}, ""n"": {""description"": ""The number of times interest is compounded per year. Defaults to 1."", ""type"": ""int, optional""}}}]",compound_interest,{},"{""rule_log"": {""select"": {""candidates"": [{""tool"": ""compound_interest"", ""bm25"": 3.999999998386364, ""arg_overlap"": 0, ""lambda"": 0.2, ""total"": 3.999999998386364}], ""chosen"": {""tool"": ""compound_interest"", ""bm25"": 3.999999998386364, ""arg_overlap"": 0, ""lambda"": 0.2, ""total"": 3.999999998386364}}, ""fill"": {""per_arg"": []}}}"
25,Reverse the string 'Python is fun!',"[{""name"": ""split_list"", ""description"": ""Splits a list into chunks of a specified size."", ""parameters"": {""lst"": {""description"": ""The input list."", ""type"": ""List""}, ""chunk_size"": {""description"": ""The size of each chunk."", ""type"": ""int""}}}, {""name"": ""format_date"", ""description"": ""Converts a date string from one format to another."", ""parameters"": {""date"": {""description"": ""The date string to convert."", ""type"": ""str""}, ""input_format"": {""description"": ""The format of the input date string."", ""type"": ""str""}, ""output_format"": {""description"": ""The desired format of the output date string."", ""type"": ""str""}}}, {""name"": ""find_first_non_repeating_char"", ""description"": ""Finds the first non-repeating character in a string."", ""parameters"": {""s"": {""description"": ""The input string."", ""type"": ""str""}}}, {""name"": ""reverse_string"", ""description"": ""Reverses the characters in a string."", ""parameters"": {""text"": {""description"": ""The input string."", ""type"": ""str""}}}]",reverse_string,{},"{""rule_log"": {""select"": {""candidates"": [{""tool"": ""split_list"", ""bm25"": 0.0, ""arg_overlap"": 0, ""lambda"": 0.2, ""total"": 0.0}, {""tool"": ""format_date"", ""bm25"": 1.183874970722721, ""arg_overlap"": 0, ""lambda"": 0.2, ""total"": 1.183874970722721}, {""tool"": ""find_first_non_repeating_char"", ""bm25"": 2.646196085183327, ""arg_overlap"": 0, ""lambda"": 0.2, ""total"": 2.646196085183327}, {""tool"": ""reverse_string"", ""bm25"": 3.036085821929938, ""arg_overlap"": 0, ""lambda"": 0.2, ""total"": 3.036085821929938}], ""chosen"": {""tool"": ""reverse_string"", ""bm25"": 3.036085821929938, ""arg_overlap"": 0, ""lambda"": 0.2, ""total"": 3.036085821929938}}, ""fill"": {""per_arg"": []}}}"
26,"Suppose there are meetings with intervals [10,15], [11,16], [12,17], [13,20], [15,22]. What is the minimum number of meeting rooms required?","[{""name"": ""min_meeting_rooms"", ""description"": ""Finds the minimum number of meeting rooms required to accommodate all meetings."", ""parameters"": {""intervals"": {""description"": ""A list of meeting time intervals, where each interval is represented as [start_time, end_time]."", ""type"": ""List[List[int]]""}}}]",min_meeting_rooms,{},"{""rule_log"": {""select"": {""candidates"": [{""tool"": ""min_meeting_rooms"", ""bm25"": 7.999999996615386, ""arg_overlap"": 0, ""lambda"": 0.2, ""total"": 7.999999996615386}], ""chosen"": {""tool"": ""min_meeting_rooms"", ""bm25"": 7.999999996615386, ""arg_overlap"": 0, ""lambda"": 0.2, ""total"": 7.999999996615386}}, ""fill"": {""per_arg"": []}}}"
27,"Calculate the cell density of a sample with an optical density of 0.3 and a dilution factor of 5, using a custom calibration factor of 500000000.","[{""name"": ""cell_density"", ""description"": ""Calculates the cell density based on the optical density (OD) and dilution factor."", ""parameters"": {""od"": {""description"": ""The optical density of the sample."", ""type"": ""float"", ""default"": 1000000000.0}, ""dilution"": {""description"": ""The dilution factor applied to the sample."", ""type"": ""int"", ""default"": 1000000000.0}, ""factor"": {""description"": ""The calibration factor for converting OD to cell density. Defaults to 1e9."", ""type"": ""float, optional""}}}, {""name"": ""wire_resistance"", ""description"": ""Calculates the resistance of a wire based on its length, cross-sectional area, and material resistivity."", ""parameters"": {""length_m"": {""description"": ""The length of the wire in meters."", ""type"": ""int"", ""default"": ""copper""}, ""area_sq_m"": {""description"": ""The cross-sectional area of the wire in square meters."", ""type"": ""float"", ""default"": ""copper""}, ""material"": {""description"": ""The material of the wire. Allowed values: \""copper\"" (default) or \""aluminum\""."", ""type"": ""str, optional""}}}, {""name"": ""draw_cards"", ""description"": ""Shuffles a standard deck of 52 cards and draws a specified number of cards from the top."", ""parameters"": {""num_draw"": {""description"": ""The number of cards to be drawn. Defaults to 1."", ""type"": ""int, optional"", ""default"": 1}}}, {""name"": ""calculate_quarterly_dividend"", ""description"": ""Calculates the quarterly dividend per share based on the total dividend payout and the number of outstanding shares."", ""parameters"": {""total_dividend"": {""description"": ""The total dividend payout in USD."", ""type"": ""int""}, ""num_shares"": {""description"": ""The number of outstanding shares."", ""type"": ""int""}}}]",cell_density,{},"{""rule_log"": {""select"": {""candidates"": [{""tool"": ""cell_density"", ""bm25"": 13.55871175153776, ""arg_overlap"": 0, ""lambda"": 0.2, ""total"": 13.55871175153776}, {""tool"": ""wire_resistance"", ""bm25"": 4.733969173042316, ""arg_overlap"": 0, ""lambda"": 0.2, ""total"": 4.733969173042316}, {""tool"": ""draw_cards"", ""bm25"": 5.65102963070215, ""arg_overlap"": 0, ""lambda"": 0.2, ""total"": 5.65102963070215}, {""tool"": ""calculate_quarterly_dividend"", ""bm25"": 3.653847313105555, ""arg_overlap"": 0, ""lambda"": 0.2, ""total"": 3.653847313105555}], ""chosen"": {""tool"": ""cell_density"", ""bm25"": 13.55871175153776, ""arg_overlap"": 0, ""lambda"": 0.2, ""total"": 13.55871175153776}}, ""fill"": {""per_arg"": []}}}"
28,"Predict the change in forest area for the Siberian Taiga over the next 20 years, while considering human impact.","[{""name"": ""predict_forest_area"", ""description"": ""Predicts the change in forest area over a specified number of years."", ""parameters"": {""location"": {""description"": ""The geographic location for the prediction."", ""type"": ""str""}, ""num_years"": {""description"": ""The number of years into the future to make the prediction."", ""type"": ""int""}, ""include_humans"": {""description"": ""Whether to include the impact of human activities in the prediction. Defaults to False."", ""type"": ""bool, optional""}}}, {""name"": ""analyze_social_group_dynamics"", ""description"": ""Analyzes the social dynamics within a group based on the personality traits and group size."", ""parameters"": {""total"": {""description"": ""The total group size."", ""type"": ""int""}, ""extroverts"": {""description"": ""The number of extroverted members in the group."", ""type"": ""int""}, ""introverts"": {""description"": ""The number of introverted members in the group."", ""type"": ""int""}}}, {""name"": ""is_valid_email"", ""description"": ""Checks if an email address is valid."", ""parameters"": {""email"": {""description"": ""The email address to validate."", ""type"": ""str""}}}, {""name"": ""get_ip_zipcode"", ""description"": ""Retrieves the ZIP code of a given IP address using the ip-api.com API."", ""parameters"": {""ip"": {""description"": ""The IP address to locate."", ""type"": ""str""}}}]",predict_forest_area,{},"{""rule_log"": {""select"": {""candidates"": [{""tool"": ""predict_forest_area"", ""bm25"": 12.819840392983796, ""arg_overlap"": 0, ""lambda"": 0.2, ""total"": 12.819840392983796}, {""tool"": ""analyze_social_group_dynamics"", ""bm25"": 1.589064490747416, ""arg_overlap"": 0, ""lambda"": 0.2, ""total"": 1.589064490747416}, {""tool"": ""is_valid_email"", ""bm25"": 0.0, ""arg_overlap"": 0, ""lambda"": 0.2, ""total"": 0.0}, {""tool"": ""get_ip_zipcode"", ""bm25"": 1.589064490747416, ""arg_overlap"": 0, ""lambda"": 0.2, ""total"": 1.589064490747416}], ""chosen"": {""tool"": ""predict_forest_area"", ""bm25"": 12.819840392983796, ""arg_overlap"": 0, ""lambda"": 0.2, ""total"": 12.819840392983796}}, ""fill"": {""per_arg"": []}}}"
29,What is the area of a circle with a radius of 7 units?,"[{""name"": ""calculate_standard_deviation"", ""description"": ""Calculates the standard deviation of a list of numbers."", ""parameters"": {""numbers"": {""description"": ""The list of numbers."", ""type"": ""List[Union[int, float]]""}}}, {""name"": ""circle_area"", ""description"": ""Computes the area of a circle given its radius."", ""parameters"": {""radius"": {""description"": ""The radius of the circle."", ""type"": ""float""}}}, {""name"": ""linear_regression_prediction"", ""description"": ""Predicts the y-value for a given x-value using linear regression."", ""parameters"": {""x_values"": {""description"": ""The x-coordinates of the data points."", ""type"": ""List[float]""}, ""y_values"": {""description"": ""The y-coordinates of the data points."", ""type"": ""List[float]""}, ""target_x"": {""description"": ""The x-value for which to predict the y-value."", ""type"": ""float""}}}, {""name"": ""convert_cooking_measurements"", ""description"": ""Converts a quantity of a cooking ingredient from one measurement unit to another."", ""parameters"": {""quantity"": {""description"": ""The quantity of the item to convert."", ""type"": ""float""}, ""from_unit"": {""description"": ""The unit of the input quantity (e.g., 'cup', 'gram')."", ""type"": ""str""}, ""to_unit"": {""description"": ""The unit to which the quantity should be converted (e.g., 'ounce', 'kilogram')."", ""type"": ""str""}, ""item"": {""description"": ""The cooking ingredient being converted (e.g., 'flour', 'sugar')."", ""type"": ""str""}}}, {""name"": ""min_meeting_rooms"", ""description"": ""Finds the minimum number of meeting rooms required to accommodate all meetings."", ""parameters"": {""intervals"": {""description"": ""A list of meeting time intervals, where each interval is represented as [start_time, end_time]."", ""type"": ""List[List[int]]""}}}]",circle_area,{},"{""rule_log"": {""select"": {""candidates"": [{""tool"": ""calculate_standard_deviation"", ""bm25"": 4.243309991830815, ""arg_overlap"": 0, ""lambda"": 0.2, ""total"": 4.243309991830815}, {""tool"": ""circle_area"", ""bm25"": 10.563006522022834, ""arg_overlap"": 0, ""lambda"": 0.2, ""total"": 10.563006522022834}, {""tool"": ""linear_regression_prediction"", ""bm25"": 2.2866878451835198, ""arg_overlap"": 0, ""lambda"": 0.2, ""total"": 2.2866878451835198}, {""tool"": ""convert_cooking_measurements"", ""bm25"": 2.6597541777208544, ""arg_overlap"": 0, ""lambda"": 0.2, ""total"": 2.6597541777208544}, {""tool"": ""min_meeting_rooms"", ""bm25"": 2.2866878451835198, ""arg_overlap"": 0, ""lambda"": 0.2, ""total"": 2.2866878451835198}], ""chosen"": {""tool"": ""circle_area"", ""bm25"": 10.563006522022834, ""arg_overlap"": 0, ""lambda"": 0.2, ""total"": 10.563006522022834}}, ""fill"": {""per_arg"": []}}}"
30,Calculate the area of a triangle with a base of 5 units and a height of 7 units.,"[{""name"": ""california_alimony"", ""description"": ""Calculates the total alimony one spouse would have to pay to the other in California over a given duration."", ""parameters"": {""payor_monthly_income"": {""description"": ""The monthly gross income of the payor spouse."", ""type"": ""int""}, ""recipient_monthly_income"": {""description"": ""The monthly gross income of the recipient spouse."", ""type"": ""int""}, ""duration_years"": {""description"": ""The duration of the alimony in years."", ""type"": ""int""}}}, {""name"": ""triangle_area"", ""description"": ""Computes the area of a triangle given its base and height."", ""parameters"": {""base"": {""description"": ""The length of the base of the triangle."", ""type"": ""float""}, ""height"": {""description"": ""The height of the triangle."", ""type"": ""float""}}}, {""name"": ""linear_regression_prediction"", ""description"": ""Predicts the y-value for a given x-value using linear regression."", ""parameters"": {""x_values"": {""description"": ""The x-coordinates of the data points."", ""type"": ""List[float]""}, ""y_values"": {""description"": ""The y-coordinates of the data points."", ""type"": ""List[float]""}, ""target_x"": {""description"": ""The x-value for which to predict the y-value."", ""type"": ""float""}}}, {""name"": ""numerical_derivative"", ""description"": ""Estimates the derivative of a function at a given point using the central difference formula."", ""parameters"": {""function"": {""description"": ""The function to calculate the derivative of."", ""type"": ""Callable[[float], float]""}, ""x"": {""description"": ""The point at which to estimate the derivative."", ""type"": ""float""}}}]",triangle_area,{},"{""rule_log"": {""select"": {""candidates"": [{""tool"": ""california_alimony"", ""bm25"": 2.1512282149036306, ""arg_overlap"": 0, ""lambda"": 0.2, ""total"": 2.1512282149036306}, {""tool"": ""triangle_area"", ""bm25"": 14.342725542552474, ""arg_overlap"": 0, ""lambda"": 0.2, ""total"": 14.342725542552474}, {""tool"": ""linear_regression_prediction"", ""bm25"": 2.1284694676978217, ""arg_overlap"": 0, ""lambda"": 0.2, ""total"": 2.1284694676978217}, {""tool"": ""numerical_derivative"", ""bm25"": 4.193509528152562, ""arg_overlap"": 0, ""lambda"": 0.2, ""total"": 4.193509528152562}], ""chosen"": {""tool"": ""triangle_area"", ""bm25"": 14.342725542552474, ""arg_overlap"": 0, ""lambda"": 0.2, ""total"": 14.342725542552474}}, ""fill"": {""per_arg"": []}}}"
31,Find the ZIP code of an IP address '1.1.1.1'.,"[{""name"": ""get_ip_zipcode"", ""description"": ""Retrieves the ZIP code of a given IP address using the ip-api.com API."", ""parameters"": {""ip"": {""description"": ""The IP address to locate."", ""type"": ""str""}}}]",get_ip_zipcode,{},"{""rule_log"": {""select"": {""candidates"": [{""tool"": ""get_ip_zipcode"", ""bm25"": 6.749999997473056, ""arg_overlap"": 0, ""lambda"": 0.2, ""total"": 6.749999997473056}], ""chosen"": {""tool"": ""get_ip_zipcode"", ""bm25"": 6.749999997473056, ""arg_overlap"": 0, ""lambda"": 0.2, ""total"": 6.749999997473056}}, ""fill"": {""per_arg"": []}}}"
32,"If the initial population is 400 bacteria, the growth rate is 0.035, the time is 200 minutes, and the doubling time is set to 40 minutes, what is the final count?","[{""name"": ""bacterial_growth"", ""description"": ""Calculates the bacterial population after a given time based on the initial population and growth rate."", ""parameters"": {""initial_population"": {""description"": ""The initial bacterial population."", ""type"": ""int"", ""default"": 20}, ""growth_rate"": {""description"": ""The growth rate per unit time."", ""type"": ""float"", ""default"": 20}, ""time"": {""description"": ""The time elapsed."", ""type"": ""float""}, ""doubling_time"": {""description"": ""The doubling time of the bacteria in minutes. Defaults to 20."", ""type"": ""float, optional""}}}]",bacterial_growth,{},"{""rule_log"": {""select"": {""candidates"": [{""tool"": ""bacterial_growth"", ""bm25"": 7.749999997033715, ""arg_overlap"": 0, ""lambda"": 0.2, ""total"": 7.749999997033715}], ""chosen"": {""tool"": ""bacterial_growth"", ""bm25"": 7.749999997033715, ""arg_overlap"": 0, ""lambda"": 0.2, ""total"": 7.749999997033715}}, ""fill"": {""per_arg"": []}}}"
33,"Calculate the batting average of a player who had 200 hits in 600 at-bats, rounding the result to 3 decimal places. Also, find the batting average of a player who had one hundred thirty-five hits in 450 at-bats, rounding the result to 2 decimal places.","[{""name"": ""batting_average"", ""description"": ""Calculates the batting average of a baseball player based on the number of hits and at-bats."", ""parameters"": {""num_hits"": {""description"": ""The number of hits."", ""type"": ""int"", ""default"": 3}, ""num_at_bats"": {""description"": ""The number of at-bats."", ""type"": ""int"", ""default"": 3}, ""precision"": {""description"": ""The number of decimal places to round the batting average. Defaults to 3."", ""type"": ""int, optional""}}}]",batting_average,{},"{""rule_log"": {""select"": {""candidates"": [{""tool"": ""batting_average"", ""bm25"": 9.749999996160867, ""arg_overlap"": 0, ""lambda"": 0.2, ""total"": 9.749999996160867}], ""chosen"": {""tool"": ""batting_average"", ""bm25"": 9.749999996160867, ""arg_overlap"": 0, ""lambda"": 0.2, ""total"": 9.749999996160867}}, ""fill"": {""per_arg"": []}}}"
34,Find out if 25 and 36 are perfect squares.,"[{""name"": ""cosine_similarity"", ""description"": ""Calculates the cosine similarity between two vectors."", ""parameters"": {""vector_a"": {""description"": ""The first vector."", ""type"": ""List[float]""}, ""vector_b"": {""description"": ""The second vector."", ""type"": ""List[float]""}}}, {""name"": ""linear_regression_prediction"", ""description"": ""Predicts the y-value for a given x-value using linear regression."", ""parameters"": {""x_values"": {""description"": ""The x-coordinates of the data points."", ""type"": ""List[float]""}, ""y_values"": {""description"": ""The y-coordinates of the data points."", ""type"": ""List[float]""}, ""target_x"": {""description"": ""The x-value for which to predict the y-value."", ""type"": ""float""}}}, {""name"": ""polygon_area_shoelace"", ""description"": ""Calculates the area of a polygon using the shoelace formula."", ""parameters"": {""vertices"": {""description"": ""A list of polygon vertices represented as tuples (x, y)."", ""type"": ""List[Tuple[float, float]]""}}}, {""name"": ""is_perfect_square"", ""description"": ""Checks if a number is a perfect square."", ""parameters"": {""num"": {""description"": ""The number to check."", ""type"": ""int""}}}]",is_perfect_square,{},"{""rule_log"": {""select"": {""candidates"": [{""tool"": ""cosine_similarity"", ""bm25"": 0.0, ""arg_overlap"": 0, ""lambda"": 0.2, ""total"": 0.0}, {""tool"": ""linear_regression_prediction"", ""bm25"": 0.0, ""arg_overlap"": 0, ""lambda"": 0.2, ""total"": 0.0}, {""tool"": ""polygon_area_shoelace"", ""bm25"": 0.0, ""arg_overlap"": 0, ""lambda"": 0.2, ""total"": 0.0}, {""tool"": ""is_perfect_square"", ""bm25"": 4.033825529491967, ""arg_overlap"": 0, ""lambda"": 0.2, ""total"": 4.033825529491967}], ""chosen"": {""tool"": ""is_perfect_square"", ""bm25"": 4.033825529491967, ""arg_overlap"": 0, ""lambda"": 0.2, ""total"": 4.033825529491967}}, ""fill"": {""per_arg"": []}}}"
35,Calculate the electric field produced by a charge of 100 coulombs at a distance of 10 meters with a permitivity of 2.2e-11.,"[{""name"": ""cosine_similarity"", ""description"": ""Calculates the cosine similarity between two vectors."", ""parameters"": {""vector_a"": {""description"": ""The first vector."", ""type"": ""List[float]""}, ""vector_b"": {""description"": ""The second vector."", ""type"": ""List[float]""}}}, {""name"": ""calculate_electric_field"", ""description"": ""Calculate the electric field produced by a charge at a certain distance."", ""parameters"": {""charge"": {""description"": ""Charge in coulombs producing the electric field."", ""type"": ""int"", ""default"": 8.854e-12}, ""distance"": {""description"": ""Distance from the charge in meters where the field is being measured."", ""type"": ""int"", ""default"": 8.854e-12}, ""permitivity"": {""description"": ""Permitivity of the space where field is being calculated, default is 8.854e-12."", ""type"": ""float""}}}, {""name"": ""find_n_largest_numbers"", ""description"": ""Finds the n largest numbers in a list."", ""parameters"": {""nums"": {""description"": ""The list of numbers."", ""type"": ""List[int]""}, ""n"": {""description"": ""The number of largest numbers to find."", ""type"": ""int""}}}, {""name"": ""california_alimony"", ""description"": ""Calculates the total alimony one spouse would have to pay to the other in California over a given duration."", ""parameters"": {""payor_monthly_income"": {""description"": ""The monthly gross income of the payor spouse."", ""type"": ""int""}, ""recipient_monthly_income"": {""description"": ""The monthly gross income of the recipient spouse."", ""type"": ""int""}, ""duration_years"": {""description"": ""The duration of the alimony in years."", ""type"": ""int""}}}]",calculate_electric_field,{},"{""rule_log"": {""select"": {""candidates"": [{""tool"": ""cosine_similarity"", ""bm25"": 1.172707888529494, ""arg_overlap"": 0, ""lambda"": 0.2, ""total"": 1.172707888529494}, {""tool"": ""calculate_electric_field"", ""bm25"": 17.73051704916521, ""arg_overlap"": 0, ""lambda"": 0.2, ""total"": 17.73051704916521}, {""tool"": ""find_n_largest_numbers"", ""bm25"": 2.510737069050658, ""arg_overlap"": 0, ""lambda"": 0.2, ""total"": 2.510737069050658}, {""tool"": ""california_alimony"", ""bm25"": 2.1585566507388334, ""arg_overlap"": 0, ""lambda"": 0.2, ""total"": 2.1585566507388334}], ""chosen"": {""tool"": ""calculate_electric_field"", ""bm25"": 17.73051704916521, ""arg_overlap"": 0, ""lambda"": 0.2, ""total"": 17.73051704916521}}, ""fill"": {""per_arg"": []}}}"
36,"What is the result message of performing a static analysis on building 'A123' for floors [1, 3, 5]?","[{""name"": ""structural_analysis"", ""description"": ""Performs structural analysis on a building based on its ID, floor numbers, and analysis mode."", ""parameters"": {""building_id"": {""description"": ""The unique identifier of the building."", ""type"": ""str"", ""default"": ""static""}, ""floor_numbers"": {""description"": ""The list of floor numbers to be analyzed."", ""type"": ""List[int]"", ""default"": ""static""}, ""analysis_mode"": {""description"": ""The mode of analysis, either \""static\"" or \""dynamic\"". Defaults to \""static\""."", ""type"": ""str, optional""}}}, {""name"": ""calculate_order_total"", ""description"": ""Calculates the total cost of an order based on the items, quantities, and prices."", ""parameters"": {""items"": {""description"": ""A list of item names."", ""type"": ""List[str]""}, ""quantities"": {""description"": ""A list of corresponding quantities for each item."", ""type"": ""List[int]""}, ""prices"": {""description"": ""A list of corresponding prices for each item."", ""type"": ""List[float]""}}}, {""name"": ""is_hotel_available"", ""description"": ""Checks the availability of a hotel for a given date range."", ""parameters"": {""hotel"": {""description"": ""The name of the hotel."", ""type"": ""str""}, ""city"": {""description"": ""The city where the hotel is located."", ""type"": ""str""}, ""checkin"": {""description"": ""The check-in date in the format \""YYYY-MM-DD\""."", ""type"": ""str""}, ""checkout"": {""description"": ""The check-out date in the format \""YYYY-MM-DD\""."", ""type"": ""str""}}}]",structural_analysis,{},"{""rule_log"": {""select"": {""candidates"": [{""tool"": ""structural_analysis"", ""bm25"": 6.814318876658016, ""arg_overlap"": 0, ""lambda"": 0.2, ""total"": 6.814318876658016}, {""tool"": ""calculate_order_total"", ""bm25"": 4.274976919676155, ""arg_overlap"": 0, ""lambda"": 0.2, ""total"": 4.274976919676155}, {""tool"": ""is_hotel_available"", ""bm25"": 6.428577198667963, ""arg_overlap"": 0, ""lambda"": 0.2, ""total"": 6.428577198667963}], ""chosen"": {""tool"": ""structural_analysis"", ""bm25"": 6.814318876658016, ""arg_overlap"": 0, ""lambda"": 0.2, ""total"": 6.814318876658016}}, ""fill"": {""per_arg"": []}}}"
37,"Find all pairs of integers in the list [1, 2, 3, 4, 5] that sum up to 7.","[{""name"": ""find_pairs_with_sum"", ""description"": ""Finds all pairs of integers in a list that sum up to a target value."", ""parameters"": {""nums"": {""description"": ""The list of integers."", ""type"": ""List[int]""}, ""target"": {""description"": ""The target sum value."", ""type"": ""int""}}}, {""name"": ""linear_regression_prediction"", ""description"": ""Predicts the y-value for a given x-value using linear regression."", ""parameters"": {""x_values"": {""description"": ""The x-coordinates of the data points."", ""type"": ""List[float]""}, ""y_values"": {""description"": ""The y-coordinates of the data points."", ""type"": ""List[float]""}, ""target_x"": {""description"": ""The x-value for which to predict the y-value."", ""type"": ""float""}}}, {""name"": ""greatest_common_divisor"", ""description"": ""Computes the greatest common divisor (GCD) of two non-negative integers."", ""parameters"": {""a"": {""description"": ""The first non-negative integer."", ""type"": ""int""}, ""b"": {""description"": ""The second non-negative integer."", ""type"": ""int""}}}]",find_pairs_with_sum,{},"{""rule_log"": {""select"": {""candidates"": [{""tool"": ""find_pairs_with_sum"", ""bm25"": 15.068112443442434, ""arg_overlap"": 0, ""lambda"": 0.2, ""total"": 15.068112443442434}, {""tool"": ""linear_regression_prediction"", ""bm25"": 1.3139018425865967, ""arg_overlap"": 0, ""lambda"": 0.2, ""total"": 1.3139018425865967}, {""tool"": ""greatest_common_divisor"", ""bm25"": 4.065889949222748, ""arg_overlap"": 0, ""lambda"": 0.2, ""total"": 4.065889949222748}], ""chosen"": {""tool"": ""find_pairs_with_sum"", ""bm25"": 15.068112443442434, ""arg_overlap"": 0, ""lambda"": 0.2, ""total"": 15.068112443442434}}, ""fill"": {""per_arg"": []}}}"
38,"Calculate the investment growth for an initial investment of $1000, annual addition of $500, for 10 years, with a return rate of 7% and an annual inflation rate of 2%.","[{""name"": ""project_investment_growth"", ""description"": ""Projects the growth of an investment over a specified number of years."", ""parameters"": {""principal"": {""description"": ""The initial investment amount."", ""type"": ""float"", ""default"": true}, ""annual_addition"": {""description"": ""The amount added to the investment annually."", ""type"": ""float"", ""default"": true}, ""years"": {""description"": ""The number of years to project the investment growth."", ""type"": ""int""}, ""return_rate"": {""description"": ""The annual return rate as a decimal (e.g., 0.07 for 7%)."", ""type"": ""float""}, ""inflation"": {""description"": ""A list of annual inflation rates as decimals."", ""type"": ""List[float]""}, ""inflation_adjusted"": {""description"": ""Whether to adjust the final value for inflation. Defaults to True."", ""type"": ""bool, optional""}}}, {""name"": ""get_pokemon_move_info"", ""description"": ""Retrieves information about a Pokémon's move using the PokéAPI."", ""parameters"": {""pokemon_name"": {""description"": ""The name of the Pokémon."", ""type"": ""str"", ""default"": ""run""}, ""move_name"": {""description"": ""The name of the move to check. Defaults to \""run\""."", ""type"": ""str, optional"", ""default"": ""run""}}}, {""name"": ""geocode_city"", ""description"": ""Retrieves the latitude and longitude coordinates of a given city using the Maps.co Geocoding API."", ""parameters"": {""city"": {""description"": ""The name of the city."", ""type"": ""str""}}}, {""name"": ""is_valid_ip_address"", ""description"": ""Checks if a string is a valid IP address (IPv4)."", ""parameters"": {""ip"": {""description"": ""The string to check."", ""type"": ""str""}}}]",project_investment_growth,{},"{""rule_log"": {""select"": {""candidates"": [{""tool"": ""project_investment_growth"", ""bm25"": 12.139686711489416, ""arg_overlap"": 0, ""lambda"": 0.2, ""total"": 12.139686711489416}, {""tool"": ""get_pokemon_move_info"", ""bm25"": 2.257345758820999, ""arg_overlap"": 0, ""lambda"": 0.2, ""total"": 2.257345758820999}, {""tool"": ""geocode_city"", ""bm25"": 5.570122121509646, ""arg_overlap"": 0, ""lambda"": 0.2, ""total"": 5.570122121509646}, {""tool"": ""is_valid_ip_address"", ""bm25"": 1.450549450097224, ""arg_overlap"": 0, ""lambda"": 0.2, ""total"": 1.450549450097224}], ""chosen"": {""tool"": ""project_investment_growth"", ""bm25"": 12.139686711489416, ""arg_overlap"": 0, ""lambda"": 0.2, ""total"": 12.139686711489416}}, ""fill"": {""per_arg"": []}}}"
39,"What is the neuronal activity rate given a synaptic input rate of 10, a synaptic weight of 0.5, and a decay constant of 0.2? What is the Euclidean distance between the points (1, 2, 3) and (4, 5, 6)?","[{""name"": ""neuronal_activity_rate"", ""description"": ""Calculates the neuronal activity rate based on the synaptic input rate, synaptic weight, and decay constant."", ""parameters"": {""synaptic_input_rate"": {""description"": ""The rate of synaptic inputs per second."", ""type"": ""int"", ""default"": 1.0}, ""synaptic_weight"": {""description"": ""The weight of the synaptic input, denoting its influence. Defaults to 1.0."", ""type"": ""float, optional"", ""default"": 0.1}, ""decay_constant"": {""description"": ""The rate at which the neuron's potential decays. Defaults to 0.1."", ""type"": ""float, optional"", ""default"": 1.0}}}, {""name"": ""calculate_distance"", ""description"": ""Calculates the Euclidean distance between two points in n-dimensional space."", ""parameters"": {""point1"": {""description"": ""The coordinates of the first point."", ""type"": ""List[float]""}, ""point2"": {""description"": ""The coordinates of the second point."", ""type"": ""List[float]""}}}, {""name"": ""batting_average"", ""description"": ""Calculates the batting average of a baseball player based on the number of hits and at-bats."", ""parameters"": {""num_hits"": {""description"": ""The number of hits."", ""type"": ""int"", ""default"": 3}, ""num_at_bats"": {""description"": ""The number of at-bats."", ""type"": ""int"", ""default"": 3}, ""precision"": {""description"": ""The number of decimal places to round the batting average. Defaults to 3."", ""type"": ""int, optional""}}}, {""name"": ""calculate_standard_deviation"", ""description"": ""Calculates the standard deviation of a list of numbers."", ""parameters"": {""numbers"": {""description"": ""The list of numbers."", ""type"": ""List[Union[int, float]]""}}}, {""name"": ""average"", ""description"": ""Calculates the arithmetic mean of a list of numbers."", ""parameters"": {""numbers"": {""description"": ""The list of numbers."", ""type"": ""List[float]""}}}, {""name"": ""is_power_of_two"", ""description"": ""Checks if a number is a power of two."", ""parameters"": {""num"": {""description"": ""The number to check."", ""type"": ""int""}}}]",neuronal_activity_rate,{},"{""rule_log"": {""select"": {""candidates"": [{""tool"": ""neuronal_activity_rate"", ""bm25"": 20.69338113111151, ""arg_overlap"": 0, ""lambda"": 0.2, ""total"": 20.69338113111151}, {""tool"": ""calculate_distance"", ""bm25"": 10.442603467943282, ""arg_overlap"": 0, ""lambda"": 0.2, ""total"": 10.442603467943282}, {""tool"": ""batting_average"", ""bm25"": 5.8098342390100335, ""arg_overlap"": 0, ""lambda"": 0.2, ""total"": 5.8098342390100335}, {""tool"": ""calculate_standard_deviation"", ""bm25"": 4.697218438026868, ""arg_overlap"": 0, ""lambda"": 0.2, ""total"": 4.697218438026868}, {""tool"": ""average"", ""bm25"": 4.697218438026868, ""arg_overlap"": 0, ""lambda"": 0.2, ""total"": 4.697218438026868}, {""tool"": ""is_power_of_two"", ""bm25"": 5.90490774115774, ""arg_overlap"": 0, ""lambda"": 0.2, ""total"": 5.90490774115774}], ""chosen"": {""tool"": ""neuronal_activity_rate"", ""bm25"": 20.69338113111151, ""arg_overlap"": 0, ""lambda"": 0.2, ""total"": 20.69338113111151}}, ""fill"": {""per_arg"": []}}}"
40,"What is the standard deviation of the numbers [0.5, 1.5, 2.5, 3.5, 4.5]? Also, what is the standard deviation of the numbers [5.5, 6.5, 7.5, 8.5, 9.5]?","[{""name"": ""calculate_standard_deviation"", ""description"": ""Calculates the standard deviation of a list of numbers."", ""parameters"": {""numbers"": {""description"": ""The list of numbers."", ""type"": ""List[Union[int, float]]""}}}]",calculate_standard_deviation,{},"{""rule_log"": {""select"": {""candidates"": [{""tool"": ""calculate_standard_deviation"", ""bm25"": 5.374999997954439, ""arg_overlap"": 0, ""lambda"": 0.2, ""total"": 5.374999997954439}], ""chosen"": {""tool"": ""calculate_standard_deviation"", ""bm25"": 5.374999997954439, ""arg_overlap"": 0, ""lambda"": 0.2, ""total"": 5.374999997954439}}, ""fill"": {""per_arg"": []}}}"
41,"Consider a large group of 100 individuals, with 70 extroverts and 30 introverts. What can be said about their social harmony, leadership potential, and group cohesion?","[{""name"": ""analyze_social_group_dynamics"", ""description"": ""Analyzes the social dynamics within a group based on the personality traits and group size."", ""parameters"": {""total"": {""description"": ""The total group size."", ""type"": ""int""}, ""extroverts"": {""description"": ""The number of extroverted members in the group."", ""type"": ""int""}, ""introverts"": {""description"": ""The number of introverted members in the group."", ""type"": ""int""}}}]",analyze_social_group_dynamics,{},"{""rule_log"": {""select"": {""candidates"": [{""tool"": ""analyze_social_group_dynamics"", ""bm25"": 4.37499999830755, ""arg_overlap"": 0, ""lambda"": 0.2, ""total"": 4.37499999830755}], ""chosen"": {""tool"": ""analyze_social_group_dynamics"", ""bm25"": 4.37499999830755, ""arg_overlap"": 0, ""lambda"": 0.2, ""total"": 4.37499999830755}}, ""fill"": {""per_arg"": []}}}"
42,Find the roots of the quadratic equation x^2 + 2x + 2 = 0.,"[{""name"": ""solve_quadratic"", ""description"": ""Computes the roots of a quadratic equation given its coefficients."", ""parameters"": {""a"": {""description"": ""The coefficient of the quadratic term (x^2)."", ""type"": ""float""}, ""b"": {""description"": ""The coefficient of the linear term (x)."", ""type"": ""float""}, ""c"": {""description"": ""The constant term."", ""type"": ""float""}}}]",solve_quadratic,{},"{""rule_log"": {""select"": {""candidates"": [{""tool"": ""solve_quadratic"", ""bm25"": 4.999999997913223, ""arg_overlap"": 0, ""lambda"": 0.2, ""total"": 4.999999997913223}], ""chosen"": {""tool"": ""solve_quadratic"", ""bm25"": 4.999999997913223, ""arg_overlap"": 0, ""lambda"": 0.2, ""total"": 4.999999997913223}}, ""fill"": {""per_arg"": []}}}"
43,"What is my risk of developing type 2 diabetes with a weight of 150 lbs, height of 70 inches, and a moderately active lifestyle? In addition, order 5 bags of grapes and 6 bags of pears from the Safeway store in San Francisco, CA.","[{""name"": ""assess_diabetes_risk"", ""description"": ""Assesses the risk of developing type 2 diabetes based on body mass index (BMI) and physical activity level."", ""parameters"": {""weight_lbs"": {""description"": ""Body weight in pounds."", ""type"": ""int""}, ""height_inches"": {""description"": ""Height in inches."", ""type"": ""int""}, ""activity"": {""description"": ""Physical activity level. Allowed values: \""sedentary\"", \""lightly active\"", \""moderately active\"", or \""very active\""."", ""type"": ""str""}}}, {""name"": ""place_safeway_order"", ""description"": ""Order specified items from a Safeway location."", ""parameters"": {""location"": {""description"": ""The location of the Safeway store, e.g., 'Palo Alto, CA'."", ""type"": ""str""}, ""items"": {""description"": ""List of items to order."", ""type"": ""list""}, ""quantity"": {""description"": ""Quantity of each item in the order list."", ""type"": ""list""}}}, {""name"": ""reserve_hotel_room"", ""description"": ""Reserves a hotel room with the specified details."", ""parameters"": {""room_type"": {""description"": ""The type of room to reserve."", ""type"": ""str""}, ""nightly_rate"": {""description"": ""The nightly rate for the room."", ""type"": ""float""}, ""checkin_date"": {""description"": ""The check-in date in the format 'YYYY-MM-DD'."", ""type"": ""str""}, ""checkout_date"": {""description"": ""The check-out date in the format 'YYYY-MM-DD'."", ""type"": ""str""}, ""guest_id"": {""description"": ""The unique identifier for the guest."", ""type"": ""str""}, ""promo_code"": {""description"": ""A promotional code for a discount. Defaults to None."", ""type"": ""str, optional""}}}]",assess_diabetes_risk,{},"{""rule_log"": {""select"": {""candidates"": [{""tool"": ""assess_diabetes_risk"", ""bm25"": 10.608208121346273, ""arg_overlap"": 0, ""lambda"": 0.2, ""total"": 10.608208121346273}, {""tool"": ""place_safeway_order"", ""bm25"": 7.372458917939854, ""arg_overlap"": 0, ""lambda"": 0.2, ""total"": 7.372458917939854}, {""tool"": ""reserve_hotel_room"", ""bm25"": 4.754797423560697, ""arg_overlap"": 0, ""lambda"": 0.2, ""total"": 4.754797423560697}], ""chosen"": {""tool"": ""assess_diabetes_risk"", ""bm25"": 10.608208121346273, ""arg_overlap"": 0, ""lambda"": 0.2, ""total"": 10.608208121346273}}, ""fill"": {""per_arg"": []}}}"
44,"I'm thinking of investing $7,500 for 8 years. If the bank offers me a 2.25% interest rate, how much money will I have at the end of this period?","[{""name"": ""calculate_investment_return"", ""description"": ""Calculates the return on investment based on the initial deposit amount, annual interest rate, and investment period."", ""parameters"": {""initial_amount"": {""description"": ""The initial deposit amount."", ""type"": ""int""}, ""interest_rate"": {""description"": ""The annual interest rate provided by the bank."", ""type"": ""float""}, ""num_years"": {""description"": ""The number of years the money is invested."", ""type"": ""int""}}}]",calculate_investment_return,{},"{""rule_log"": {""select"": {""candidates"": [{""tool"": ""calculate_investment_return"", ""bm25"": 4.374999998296342, ""arg_overlap"": 0, ""lambda"": 0.2, ""total"": 4.374999998296342}], ""chosen"": {""tool"": ""calculate_investment_return"", ""bm25"": 4.374999998296342, ""arg_overlap"": 0, ""lambda"": 0.2, ""total"": 4.374999998296342}}, ""fill"": {""per_arg"": []}}}"
45,"What will be the future value of an investment of $20,000 with an annual interest rate of 6% after 15 years? Also, calculate the displacement of an object with an initial velocity of 30 m/s, acceleration of 2 m/s^2, and time of 5 seconds. Lastly, what is the probability of getting exactly 5 heads in 10 coin tosses?","[{""name"": ""future_investment_value"", ""description"": ""Calculates the future value of an investment based on the present value, annual interest rate, and number of years."", ""parameters"": {""present_value"": {""description"": ""The present value of the investment."", ""type"": ""float""}, ""annual_interest_rate"": {""description"": ""The annual interest rate as a decimal (e.g., 0.05 for 5%)."", ""type"": ""float""}, ""years"": {""description"": ""The number of years the investment will grow."", ""type"": ""int""}}}, {""name"": ""displacement"", ""description"": ""Calculates the displacement of an object given its initial velocity, acceleration, and time."", ""parameters"": {""initial_velocity"": {""description"": ""The initial velocity of the object."", ""type"": ""float""}, ""acceleration"": {""description"": ""The acceleration of the object."", ""type"": ""float""}, ""time"": {""description"": ""The time elapsed."", ""type"": ""float""}}}, {""name"": ""binomial_probability"", ""description"": ""Calculates the probability of getting exactly k successes in n independent trials,"", ""parameters"": {""n"": {""description"": ""The total number of trials."", ""type"": ""int""}, ""k"": {""description"": ""The number of successes."", ""type"": ""int""}, ""p"": {""description"": ""The probability of success in each trial."", ""type"": ""float""}}}, {""name"": ""light_travel_time"", ""description"": ""Calculate the time taken for light to travel from one celestial body to another."", ""parameters"": {""distance_in_light_years"": {""description"": ""The distance between the two celestial bodies in light years."", ""type"": ""int"", ""default"": 299792458}, ""speed_of_light"": {""description"": ""The speed of light in vacuum, in m/s. Default value is 299792458 m/s."", ""type"": ""int"", ""default"": 299792458}}}]",future_investment_value,{},"{""rule_log"": {""select"": {""candidates"": [{""tool"": ""future_investment_value"", ""bm25"": 18.240076233370697, ""arg_overlap"": 0, ""lambda"": 0.2, ""total"": 18.240076233370697}, {""tool"": ""displacement"", ""bm25"": 17.723850187241617, ""arg_overlap"": 0, ""lambda"": 0.2, ""total"": 17.723850187241617}, {""tool"": ""binomial_probability"", ""bm25"": 10.586852457499042, ""arg_overlap"": 0, ""lambda"": 0.2, ""total"": 10.586852457499042}, {""tool"": ""light_travel_time"", ""bm25"": 4.486319989946463, ""arg_overlap"": 0, ""lambda"": 0.2, ""total"": 4.486319989946463}], ""chosen"": {""tool"": ""future_investment_value"", ""bm25"": 18.240076233370697, ""arg_overlap"": 0, ""lambda"": 0.2, ""total"": 18.240076233370697}}, ""fill"": {""per_arg"": []}}}"
46,Can you list the repositories for the GitHub user 'pjhyett'?,"[{""name"": ""search"", ""description"": ""Search for public repositories of a given GitHub user using the Toolbench RapidAPI."", ""parameters"": {""user"": {""description"": ""The GitHub username whose public repositories are to be searched."", ""type"": ""str"", ""default"": ""samuk-a""}}}]",search,{},"{""rule_log"": {""select"": {""candidates"": [{""tool"": ""search"", ""bm25"": 4.999999997873377, ""arg_overlap"": 0, ""lambda"": 0.2, ""total"": 4.999999997873377}], ""chosen"": {""tool"": ""search"", ""bm25"": 4.999999997873377, ""arg_overlap"": 0, ""lambda"": 0.2, ""total"": 4.999999997873377}}, ""fill"": {""per_arg"": []}}}"
47,"Determine if the years 2000, 2004, and 2022 are leap years, and then find the DNA sequence for sequence ID 'NM_000520' in FASTA format with 100 upstream bases.","[{""name"": ""is_leap_year"", ""description"": ""Checks if a year is a leap year."", ""parameters"": {""year"": {""description"": ""The year to check."", ""type"": ""int""}}}, {""name"": ""get_dna_sequence"", ""description"": ""Retrieves the DNA sequence for a given sequence ID from the NCBI Nucleotide database."", ""parameters"": {""sequence_id"": {""description"": ""The unique identifier for the DNA sequence."", ""type"": ""str"", ""default"": ""fasta""}, ""file_format"": {""description"": ""The format of the returned sequence. Allowed values: \""fasta\"" (default) or \""gb\""."", ""type"": ""str, optional""}, ""upstream_bases"": {""description"": ""The number of bases upstream of the sequence to include. Defaults to 0."", ""type"": ""int, optional"", ""default"": ""fasta""}}}, {""name"": ""assess_diabetes_risk"", ""description"": ""Assesses the risk of developing type 2 diabetes based on body mass index (BMI) and physical activity level."", ""parameters"": {""weight_lbs"": {""description"": ""Body weight in pounds."", ""type"": ""int""}, ""height_inches"": {""description"": ""Height in inches."", ""type"": ""int""}, ""activity"": {""description"": ""Physical activity level. Allowed values: \""sedentary\"", \""lightly active\"", \""moderately active\"", or \""very active\""."", ""type"": ""str""}}}, {""name"": ""predict_forest_area"", ""description"": ""Predicts the change in forest area over a specified number of years."", ""parameters"": {""location"": {""description"": ""The geographic location for the prediction."", ""type"": ""str""}, ""num_years"": {""description"": ""The number of years into the future to make the prediction."", ""type"": ""int""}, ""include_humans"": {""description"": ""Whether to include the impact of human activities in the prediction. Defaults to False."", ""type"": ""bool, optional""}}}, {""name"": ""get_pokemon_move_info"", ""description"": ""Retrieves information about a Pokémon's move using the PokéAPI."", ""parameters"": {""pokemon_name"": {""description"": ""The name of the Pokémon."", ""type"": ""str"", ""default"": ""run""}, ""move_name"": {""description"": ""The name of the move to check. Defaults to \""run\""."", ""type"": ""str, optional"", ""default"": ""run""}}}, {""name"": ""get_city_from_zipcode"", ""description"": ""Retrieves the city name for a given ZIP code using the Ziptastic API."", ""parameters"": {""zipcode"": {""description"": ""The ZIP code to look up."", ""type"": ""str""}}}, {""name"": ""structural_analysis"", ""description"": ""Performs structural analysis on a building based on its ID, floor numbers, and analysis mode."", ""parameters"": {""building_id"": {""description"": ""The unique identifier of the building."", ""type"": ""str"", ""default"": ""static""}, ""floor_numbers"": {""description"": ""The list of floor numbers to be analyzed."", ""type"": ""List[int]"", ""default"": ""static""}, ""analysis_mode"": {""description"": ""The mode of analysis, either \""static\"" or \""dynamic\"". Defaults to \""static\""."", ""type"": ""str, optional""}}}, {""name"": ""get_ip_location"", ""description"": ""Retrieves the latitude and longitude coordinates of a given IP address using the ip-api.com API."", ""parameters"": {""ip"": {""description"": ""The IP address to locate."", ""type"": ""str""}}}]",get_dna_sequence,{},"{""rule_log"": {""select"": {""candidates"": [{""tool"": ""is_leap_year"", ""bm25"": 5.943287428268302, ""arg_overlap"": 0, ""lambda"": 0.2, ""total"": 5.943287428268302}, {""tool"": ""get_dna_sequence"", ""bm25"": 11.75843070140196, ""arg_overlap"": 0, ""lambda"": 0.2, ""total"": 11.75843070140196}, {""tool"": ""assess_diabetes_risk"", ""bm25"": 2.7283550404980663, ""arg_overlap"": 0, ""lambda"": 0.2, ""total"": 2.7283550404980663}, {""tool"": ""predict_forest_area"", ""bm25"": 6.557539181826079, ""arg_overlap"": 0, ""lambda"": 0.2, ""total"": 6.557539181826079}, {""tool"": ""get_pokemon_move_info"", ""bm25"": 1.3109008290375241, ""arg_overlap"": 0, ""lambda"": 0.2, ""total"": 1.3109008290375241}, {""tool"": ""get_city_from_zipcode"", ""bm25"": 3.877442836263935, ""arg_overlap"": 0, ""lambda"": 0.2, ""total"": 3.877442836263935}, {""tool"": ""structural_analysis"", ""bm25"": 3.7647446327962366, ""arg_overlap"": 0, ""lambda"": 0.2, ""total"": 3.7647446327962366}, {""tool"": ""get_ip_location"", ""bm25"": 3.270408457922213, ""arg_overlap"": 0, ""lambda"": 0.2, ""total"": 3.270408457922213}], ""chosen"": {""tool"": ""get_dna_sequence"", ""bm25"": 11.75843070140196, ""arg_overlap"": 0, ""lambda"": 0.2, ""total"": 11.75843070140196}}, ""fill"": {""per_arg"": []}}}"
48,What is the probability of rolling a sum of 7 with 2 six-sided dice?,"[{""name"": ""dice_roll_probability"", ""description"": ""Calculates the probability of rolling a specific sum with a given number of dice, each having a certain number of faces."", ""parameters"": {""target_sum"": {""description"": ""The target sum to calculate the probability for."", ""type"": ""int"", ""default"": 6}, ""num_dice"": {""description"": ""The number of dice being rolled."", ""type"": ""int"", ""default"": 6}, ""num_faces"": {""description"": ""The number of faces on each die. Defaults to 6."", ""type"": ""int, optional""}}}, {""name"": ""is_valid_palindrome"", ""description"": ""Checks if a string is a valid palindrome, considering only alphanumeric characters and ignoring case."", ""parameters"": {""s"": {""description"": ""The input string."", ""type"": ""str""}}}, {""name"": ""polygon_area_shoelace"", ""description"": ""Calculates the area of a polygon using the shoelace formula."", ""parameters"": {""vertices"": {""description"": ""A list of polygon vertices represented as tuples (x, y)."", ""type"": ""List[Tuple[float, float]]""}}}, {""name"": ""bacterial_growth"", ""description"": ""Calculates the bacterial population after a given time based on the initial population and growth rate."", ""parameters"": {""initial_population"": {""description"": ""The initial bacterial population."", ""type"": ""int"", ""default"": 20}, ""growth_rate"": {""description"": ""The growth rate per unit time."", ""type"": ""float"", ""default"": 20}, ""time"": {""description"": ""The time elapsed."", ""type"": ""float""}, ""doubling_time"": {""description"": ""The doubling time of the bacteria in minutes. Defaults to 20."", ""type"": ""float, optional""}}}]",dice_roll_probability,{},"{""rule_log"": {""select"": {""candidates"": [{""tool"": ""dice_roll_probability"", ""bm25"": 13.190589789307463, ""arg_overlap"": 0, ""lambda"": 0.2, ""total"": 13.190589789307463}, {""tool"": ""is_valid_palindrome"", ""bm25"": 3.3271640734141363, ""arg_overlap"": 0, ""lambda"": 0.2, ""total"": 3.3271640734141363}, {""tool"": ""polygon_area_shoelace"", ""bm25"": 4.7630757816862985, ""arg_overlap"": 0, ""lambda"": 0.2, ""total"": 4.7630757816862985}, {""tool"": ""bacterial_growth"", ""bm25"": 2.6553649006728186, ""arg_overlap"": 0, ""lambda"": 0.2, ""total"": 2.6553649006728186}], ""chosen"": {""tool"": ""dice_roll_probability"", ""bm25"": 13.190589789307463, ""arg_overlap"": 0, ""lambda"": 0.2, ""total"": 13.190589789307463}}, ""fill"": {""per_arg"": []}}}"
49,"What is the majority element in the list [1, 2, 3, 4, 5, 5, 5, 6, 7, 8, 9]?","[{""name"": ""find_majority_element"", ""description"": ""Finds the majority element in a list, which appears more than ⌊n / 2⌋ times."", ""parameters"": {""nums"": {""description"": ""The input list of integers."", ""type"": ""List[int]""}}}, {""name"": ""find_missing_ranges"", ""description"": ""Finds the missing ranges between lower and upper in a sorted list of integers."", ""parameters"": {""nums"": {""description"": ""The sorted list of integers."", ""type"": ""List[int]""}, ""lower"": {""description"": ""The lower bound."", ""type"": ""int""}, ""upper"": {""description"": ""The upper bound."", ""type"": ""int""}}}, {""name"": ""find_duplicate_number"", ""description"": ""Finds the duplicate number in a list of integers."", ""parameters"": {""nums"": {""description"": ""The list of integers."", ""type"": ""List[int]""}}}]",find_majority_element,{},"{""rule_log"": {""select"": {""candidates"": [{""tool"": ""find_majority_element"", ""bm25"": 7.686387625769919, ""arg_overlap"": 0, ""lambda"": 0.2, ""total"": 7.686387625769919}, {""tool"": ""find_missing_ranges"", ""bm25"": 2.8540540529135896, ""arg_overlap"": 0, ""lambda"": 0.2, ""total"": 2.8540540529135896}, {""tool"": ""find_duplicate_number"", ""bm25"": 3.341772150292357, ""arg_overlap"": 0, ""lambda"": 0.2, ""total"": 3.341772150292357}], ""chosen"": {""tool"": ""find_majority_element"", ""bm25"": 7.686387625769919, ""arg_overlap"": 0, ""lambda"": 0.2, ""total"": 7.686387625769919}}, ""fill"": {""per_arg"": []}}}"
